À la première palmette Workshop, Paris#A. C. E.#A. Hechler, Rouen, France#A. J.#A. J. & E. Faron, Wilmington#A. Lancel#A. Morhange & Cie, Paris#A. Orosdi, Paris#A. Quesnal of Darnétal#A.S.W., American#Aalto Alvar#Aamodt Niels Evertsen#Aaron Hatfield & Sons, England (active Sheffield)#Abacco Antonio dall'#Abaquesne Masséot#Abbema Wilhelm von#Abbey Edwin Austin#Abbott Berenice#Abbott Hannah#Abbott James B.#Abd Al-karim#Abdy William II#Abel Joseph#Abel Myer#Abeles Sigmund Morton#Abelman Ida#Abercrombie & Fitch Company, New York#Abercrombie Kate#Abercromby Robert#Aberli Johann Ludwig#Abington Leonard James#Abraham Tancrède#Abramovitz Gerald#Abrams Ross#Abrams Susan#Abri Louis#Abroms Harriet T.#Achard Jean Alexis#Achenbach Andreas#Achenbach Oswald#Ackerman Georg Friedrich#Acqua Cesare dell'#Acqua Fresca Pietro Cecchi#Adachi Ginkō#Adam Charles#Adam Geo. F.#Adam Georg#Adam Jakob#Adam Robert#Adam Victor#Adam-Salomon Antoine-Samuel#Adams and Company, Pittsburgh#Adams Ansel#Adams Kenneth#Adams Phoebe#Adams Robert#Adams Stephen I#Adamson Prescott#Adan Louis Emile#Adcock George Henry#Addams Clifford#Addis Noah#Adéagbo Georges#Adidas#ADJ MSC#Adjusto Tie, New York#Adlard Henry#Adler Robert#Adolfo#Adomeit George#Adriaenssen Alexander#Adrian#Adriano de Giovanni de’ Maestri, known as Adriano Fiorentino#Adso 'Treasures of Paris'#Adventi Diomede#Aerts Nicasius#aestheticterrorists®#Aetna Glass and Manufacturing Company, Bellaire, Ohio#af Schultén Ben#Affleck Thomas#Afinger Bernhard#Agar John Samuel#Agee Ann#Aglio Agostino#Agnew & English, Philadelphia#Agostini Peter#Agricola Carl Joseph Alois#Agricola Christoph Ludwig#Aguilar Héctor#Aguirre Ignacio#Ahrens Ellen Wetherald#Ahuja Mequitta#Aicher Otl#Aida Yusuke#Aiken George#Aitken John#Aitken John#Aivasovsky Ivan Konstantinovitsch#Aizawa Tomizō#Aken (also called Joseph Haecken) Joseph van#Aken Jan van#Akers Edward#Akersloot Willem Outgertsz.#Akihiko Izukura#Akin James#Akrell Carl Fredrik von#Alaïa Azzedine#Alais Jean#Alamandini Girolamo#Alan McAfee, London#Alaux Jean Paul#Albani Francesco#Albany Glass Works, Albany, New York#Albee Grace#Albers Anni#Albers Josef#Albert Coles & Co., New York#Albert, Prince Consort of England#Alberti Cherubino#Alberti Gaspar#Alberti Pierfrancesco#Albertinelli Mariotto#Albinson Dewey#Alboth Gustav Robert#Albotto Francesco#Albrecht Nicolaas#Albrier Joseph#Albright Ivan#Alcanyís Miquel#Alcíbar José de#Alcopley Lewin#Aldegrever Heinrich#Aldewereld Herman van#Aldridge Charles#Aldridge James#Alegre Manuel#Alès Auguste François#Alessio Andrea#Alex.dre Tessier, rue St. Jacques, No. 10, Paris#Alexander Cosmo#Alexander Hedwig Haslam#Alexander John#Alexander John White#Alexander Popoff's porcelain factory, Moscow Popoff Alexander#Alexander Samuel#Alexander William#Alexander, New York#Alexandre#Alexandrine, Paris#Alfieri Aurelio#Ali Riza Khan#Aliamet François Germain#Aliamet Jacques#Alighiero e Boetti#Aligny Theodore#Alix Pierre-Michel#Alken Henry#Allais Jean Alexandre#Allard & Laval, France#Allard-Cambray Célestin#Allegrain Étienne#Allegretto di Nuzio, also called Allegretto Nuzi#Allegrini Francesco#Allen and Brother, Philadelphia#Allen Charles W. M.D.#Allen Frances And Mary#Allen Gordon#Allen Harry#Allen James Baylie#Allen James Charles#Allen James E.#Allen John#Allen Joseph William#Allen Robert#Allix François#Allongé Auguste#Allou Adelaïde#Allston Washington#Alma-Tadema Lawrence Sir#Almeloveen Jan van#Almond Darren#Aloja Raffaele#Aloja Vincenzo#Alonso Teresa#Alpenny Joseph Samuel#Alpenny W. M.#Alphonse Picard, Caen, France#Alstyne Jeronimus#Alt Rudolf von#Altaba Ariel Ruiz i#Altdorfer Albrecht#Altmann Anton#Altmann Carl#Altobelli & Co.#Altomonte Andreas#Alton Eduard d'#Álvarez Bravo Lola#Álvarez Bravo Manuel#Alvarez Danny#Aman Theodor#Aman-Jean Edmond-François#Amand Jacques François#Amand-Durand#Amanda Wakeley, England#Amato Francesco#Amatucci Carlo#Amberg Wilhelm#Ambrosi Francesco#Amedee François, Paris#Amen Irving#American China Manufactory (Bonnin and Morris), Philadelphia#American Crockery Company, Trenton, New Jersey#American Encaustic Tiling Company, Zanesville, Ohio#American Pottery Company, Jersey City, New Jersey#American Pottery Manufacturing Company#Amero Emilio#Ametller Blas#Amey Ronald#Amidano Giulio Cesare#Amigoni Jacopo#Amling Karl Gustav von#Amman Jost#Amorales Carlos#Amory#Amos Emma#Amsler Samuel#Amstel porcelain factory, Amstel, Netherlands#Amy, New York#Anart, Paris#Anastasi Auguste Paul Charles#Anastasi William#Anchor Pottery, Trenton, New Jersey#Anderloni Faustino#Anderloni Pietro#Andersen Niels#Anderson Akili Ron#Anderson Alexander#Anderson Arnold#Anderson Harry#Anderson Karl#Andorff Friedrich August#Andrade Edna#Andre Carl#Andrea del Sarto (Andrea d'Agnolo di Francesco)#Andrea di Bartolo#Andreae August Heinrich#Andreani Andrea#Andreev Andrei#Andreini C. Morino#Andreoli Giorgio Maestro#Andrew Geller#Andrew Rachel#Andrews Benny#Andrews Hannah#Andrieu Bertrand#Andriot François#Anelay Elizabeth Clough#Anesi Paolo#Angel Philips#Angelico (Guido di Pietro, also called Fra Giovanni da Fiesole)#Angell George#Angell Joseph#Angelo Valenti#Ango Jean-Robert#Angolo del Moro Battista#Angolo del Moro Marco#Angus William#Anhalt-Dessau Leopold Friedrich von Duke#Anisfeld Boris#Anna Pottery, Anna, Illinois#Annan James Craig#Annedouche Joseph Alfred#Anner H.#Ansbach faience factory, Mittelfranken, Germany#Ansdell Richard#Anselevicius Evelyn Hill#Anselin Jean Louis#Anson Rufus J.#Anthony Joseph Jr.#Anthony Philip#Antonello da Messina#Antonini Carlo#Antonio Brotini for Botticelli, Italian#Antreasian Garo Zareh#Anuszkiewicz Richard#Aoigaoka Keisei#Apel J.#Apel Johann Heinrich#Apollonio di Giovanni di Tommaso#Appel Friedrich#Appel Karel#Appert Eugène#Appian Adolphe#Appiani Andrea#Apple Industrial Design Team, Cupertino, California#Appold Johann Leonhard#Aquila Francesco Faraone#Aquila Pietro#Ara (Benjamin Dusanovich Kosich)#Arad Ron#Aragón José#Arai Junichi#Arbus Amy#Arbus Diane#Archambault Anna Margaretta#Archambo Peter#Archdall William#Archer and Warner, Philadelphia#Archipenko Alexander Porfirevich#Archuleta Felipe Benito#Arco A. dell'#Ardail Albert#Ardesoif Stephen#Ardy Bartolommeo#Arellano#Argy-Rousseau Gabriel#Arlent-Edwards Samuel#Arlette Mademoiselle#Arman (Armand Fernandez)#Armand-Calliat Thomas-Joseph#Armani Giorgio#Armitage Elise Cavanna Seeds#Armitage George#Armour George Denholm#Arms John Taylor#Armstrong Cosmo#Armytage James Charles#Arn Daniel#Arndt Franz Gustav#Arndt Wilhelm#Arneson Robert#Arnhemsche Fayencefabriek, Arnhem, Netherlands#Arning Eddie#Arno Peter#Arnold Bill#Arnold Carl Johann#Arnold Friedrich#Arnoult Nicolas#Arnout Jean-Baptiste#Arnoux Hippolyte#Arntz Michael#Arnz & Comp., Düsseldorf#Arp Jean (Hans)#Arras porcelain factory, Arras, France#Arrigo di Niccolò (Master of the Manassei Chapel)#Arroyave-Portela Nicholas#Arsworth Cinthia#Artaria Carl (or Karl)#Artaria Rudolf#Arthur Radoult & Cie#Artigue Albert-Emile#Artist of the Tabriz School#Artist/maker unknown#Artschwager Richard#Asano Takeji#Asayama Ashikuni#Ascani Domenico#Asch Pieter Jansz. van#Ash Janet Tomson#Ash Joseph I#Ashbee Charles Robert#Ashby Mary G.#Ashihiro#Ashikawa Hikokuni#Ashjian Lucy#Asics Corporation, Japanese#Asioli Giuseppe#Asman Robert#Aspertini Amico#Asselineau Léon Auguste#Assig Martin#assume vivid astro focus#Astbury & Maddock, Trenton, New Jersey#Asti Angelo#Asti Sergio#Astori Antonia#Asymptote, New York#Ateliers Franohel, Paris#Atget Eugène#Atkins#Atkins James#Atkins Lloyd#Atkinson John Augustus#Atl (Gerardo Murillo) Dr.#ATO#Aubert Antoine#Aubert Michel Guillaume#Aubry Charles#Aubry Charles#Aubry Pierre I#Aubry Pierre II#Aubry-Lecomte Hyacinthe Louis Victor#Audenaerde Robert van#Audinet Philipp#Audouin Pierre#Audran Benoît I#Audran Gérard#Audran II Benoît#Audran Jean#Audran Karl#Audran Louis#Auerbach-Levy William#Auguste Lefèbure et Fils, France#Auguste-Dominique Denuelle porcelain factory, Paris#Augustin Jean-Baptiste-Jacques#Aulenti Gae#Ault George C.#Aureli Nicolò#Austin Alice#Austin William#Aux Mille et Une Nuits, Paris#Auzolle Marcellin#Avedon Richard#Aveline II Pierre Alexandre#Aveline Jean Alexandre#Avery Elizabeth M#Avery Eric#Avery Milton#Avont Pieter van#Avril II Jean Jacques#Avril Jean Jacques I#Awashima Masakichi#Awatsuji Hiroshi#Awde George#Aycock Alice#Aylieff Felicity#Azechi Umetarō#Azuma Norio#Azzaro Loris#Azzerboni Giuseppe