B. Altman and Company, New York#B. Neresheimer & Sohne, Hanau, Germany#Baab Jacob#Baader von Schattenhofer Amalia#Baas Maarten#Baasch Kurt#Babani Vitaldi#Babbitt Platt D.#Babo Lambert von#Baburen Dirck van#Bacard fils#Baccarat glass factory, France#Bacchiacca (Francesco di Ubertino Verdi)#Bacerra Ralph#Bach Ferdinand-Sigismund#Bach Laurence#Bache John#Bachelet Matieu#Bacheley Jacques#Bacher Ernest#Backenberg Felix#Backer Jacob Adriaensz.#Backer Jacob de#Backhuysen Ludolf#Bäckström Olaf#Bacon Catherine#Bacon Frederick#Bacon J.#Bacon Mary#Bacon Peggy#Bacon Sarah#Bacour A.#Badalocchio Sisto#Baddeley William#Badgley Holly#Badgley Mischka, American#Badiale Alessandro#Badier Florimond#Badile Giovanni Antonio#Baecher Anthony W.#Baechler Donald#Baer William Jacob#Baerdemaecker Felix De#Baes Edgar Alfred#Bagelaar Ernst Willem Jan#Baglione Giovanni#Bahmann Ferdinand#Bai Ladoo#Bailey & Company, Philadelphia#Bailey James#Bailie Thomas#Baillie William Captain#Bailliu Pieter de#Baillon Jean Baptiste#Baily Thomas W.#Baird Mary#Bairin#Baisotei Gengyo#Bak Samuel#Baker Constance Amelia#Baker Lamar#Baker Margaret#Baker W. J.#Bakewell and Company, Pittsburgh#Bakker Gijs#Bakof Julius#Bakst Léon#Bal F.#Baldauf Anton#Baldeck Andrea#Baldessari John#Baldi Lazzaro#Balding H.C.#Baldinger Arnold Karl#Baldridge Cyrus LeRoy#Balduino Alessandro#Baldung Grün Hans#Baldus Edouard-Denis#Baldwin Christopher#Baldwin Gordon#Balechou Jean Joseph#Balen Hendrik van the Elder#Balenciaga Cristóbal#Balestra Antonio#Balfourier Adolphe#Balfourier Maurice#Ball John#Ball William#Ball, Black & Company#Balla Giacomo#Ballam Thomas#Ballero Giovanni#Balleroy Albert de#Ballin Auguste#Ballin Joel#Ballinger Maxil E.#Ballinger R. Maxil#Ballinger Rebecca#Bally#Balmain Pierre#Balouzian Rafi#Baltard Louis Pierre#Balthus (Balthazar Klossowski de Rola)#Baltimore Glass Works, Baltimore#Baltzell Jan#Balzer Johann Georg the Elder#Banck Pieter van der#Banks Eleanor#Banks H. G.#Banura Shōgo#Baquoy Henriette#Baquoy Jean Charles#Baquoy Pierre Charles#Bär Beata#Baratti Antonio#Barb Jacob Jr.#Barbari Jacopo de'#Barbarini Franz#Barbault Jean#Barber Allen#Barber Charles E.#Barbier Georges#Barbiere (Domenico Fiorentino) Domenico del#Barbieri (called il Guercino) Giovanni Francesco#Barbin#Barbini Alfredo#Barbizet Achille#Bard Conrad#Bareuille Mademoiselle#Barfus Paul#Bargiacchi Flaminio#Baril Tom#Barker#Barker (also called Thomas Barker of Bath) Thomas#Barker Albert Winslow#Barker John Jesse#Barker Martha#Barlow (also known as Louis Breslow) Lou#Barlow Francis#Barn Théophile#Barnard Elinor M.#Barnes Blakeslee#Barnes Henry#Barnes John#Barnet Will#Barnett R. C.#Barnett William#Barney Tina#Barns Cornelia#Barocci Federico#Barocci Luigi#Baroff Jill#Baron Claude#Baron Henri Charles Antoine#Barovier & Toso#Barr Mary#Barratt Thomas E.#Barraud, 263 Oxford Street, London#Barre Albert-Desire#Barre Jean Jacques#Barrett George#Barrett Lisbeth Stone#Barri Giacomo#Barrier Abraham#Barrière Dominique#Barrois Pierre François#Barros Ricardo#Barrows Charles#Barry John#Barry Joseph B.#Bartermann Johann#Barth Carl#Barthe Gérard de la#Barthelmess Nikolaus#Barthet Jean#Bartholomé Albert#Bartlemor Margaret#Bartlett Elwood Warren#Bartlett Frederic Clay#Bartlett Jennifer#Bartlett William H.#Bartoccini Bartolommeo#Bartoli Pietro Santo#Bartolo Francesco di#Bartolomeo (Bartolomeo di Paolo), also called Baccio della Porta#Bartolomeo di Giovanni#Bartolomeo Veneto#Bartolommeo da Brescia#Bartolotti#Bartolozzi Francesco#Bartow Rick#Bartsch Adam von#Bartsch Christian#Barwell Frederick Bacon#Bary Hendrik#Barye Antoine-Louis#Basaiti Marco#Basan Pierre François#Baschiloff Michael#Basire James I#Baskerville George#Baskin Leonard#Basoli Antonio Giuseppe#Bassano (Leandro da Ponte) Leandro#Basse Willem#Bassett Frederick#Bast Pieter#Bastiani Lazzaro di Jacopo#Bastien-Lepage Jules#Bataille M.#Bate Norman Arthur#Bateman Hester#Bateman Peter and Ann#Bateman Peter and Jonathan#Bateman Peter, Ann, and William#Bateman William#Bates Kay#Bates Laura Lou#Bates Sarah#Batoni Pompeo Girolamo#Battersea enamel factory, Battersea, England#Battista di Gerio#Batty Robert Lieutenant Colonel#Baudet Étienne#Baudous Robert de#Baudy Yve E.#Bauermeister Mary#Baugean Jean-Jérôme#Baugniet Marcel-Louis#Baum Walter Emerson#Baumann Hans Theo#Baumann Johann Wilhelm#Baumann Philipp#Baumann Samuel#Baumgartner Ulrich#Baumhauer Joseph#Baur Johann Leonhard#Baur Johann Wilhelm#Bause Johann Friedrich#Bause Juliane Wilhelmine#Baxter DeWitt C.#Baxter George#Baxter Martha Wheeler#Bayard Émile-Antoine#Bayard Hippolyte#Bayer August von#Bayer Herbert#Baylis Trevor#Bayly John#Bayly Mary#Baynard Ed Emerson#Bayot Adolphe Jean Baptiste#Bazin Nicolas#Baziotes William#Bazzicaluve Ercole#Beach (also called Thomas Beach of Bath) Thomas#Beal Gifford#Beal Jack#Beale George#Bean Bennett#Bean Louis#Bearden Romare#Beare George#Beato Antonio#Beato Felice#Beatrizet Nicolas#Beatty-Brady Glass Company, Dunkirk, Indiana#Beaumont Pierre François#Beauvais Nicolas Dauphin de#Beauvais tapestry manufactory, France#Beauvarlet Catherine#Beauvarlet Françoise#Beauvarlet Jacques Firmin#Beauverie Charles Joseph#Beaux Cecilia#Beaven Robert#Beaver Hats/Jimmie Burns, Philadelphia#Beccafumi (Domenico di Pace), also called Mecarino Domenico#Becceni Pietro#Becerra Fray Diego#Bechstein Ludwig#Beck August#Beck Miss#Beck Roy#Becker (called Becker von Worms) Jakob#Becker Fred#Becker Johann Wilhelm#Becker Ludwig Hugo#Becker Peter#Beckerin Susanna#Beckers and Piard#Beckert Fritz#Beckett Isaak#Beckington Alice#Beckmann Max#Beckwith Joel#Bedford Francis#Bedia José#Beech James#Beech Ralph B.#Beechey William Sir#Beene Geoffrey#Beer Gustave#Beers Jan van#Beersmans-Pleek, Turnhout, Belgium#Beetham Isabella Robinson#Befelein Alexander#Bega Cornelis Pietersz.#Begas Adalbert#Begas-Parmentier Luise#Beham Barthel#Beham Hans Sebald#Behár Yves#Behr Johann Jakob#Behrens Peter#Beich Joachim Franz#Beichling Karl#Beilby#Beilby William#Bein Jean#Beinaschi Giovanni Battista#Beisson François Joseph Étienne#Béjot Eugène#Bek Ernst Gideon#Bekker David#Belemo Antonio#Belfiore Gerardo#Belin L.#Beljambe Pierre Guillaume Alexandre#Bell Cecil C.#Bell David#Bell Edward#Bell John#Bell John#Bell Samuel#Bell Solomon#Bell William#Bella Giovanni della#Bella Stefano della#Bellangé Hippolyte#Bellange Jacques#Bellano Bartolomeo#Bellavia Marcantonio#Bellay Charles Alphonse Paul#Bellay François#Belle Friedrich August Otto de la#Bellefonds P.#Bellenger Jacques#Bellevois Jacob Adriaensz.#Belli Valerio#Bellingham Samuel#Bellini Gentile#Bellini, also called Giambellino Giovanni#Belloguet André#Bellotto Bernardo#Bellows George#Bellville Sassoon Lorcan Mullany#Belly Jacques#Belo Jane#Beltrán Alberto#Bembo Gian Francesco#Bemme Johannes Adriaansz.#Bemmel Peter von#Bemmel Willem van#Ben Reig#Ben Tré Howard#Ben-Yusuf Zaida#Ben-Zion#Benaglia Giuseppe#Benaglio Francesco#Benard Robert#Benardelli Giambattista#Benassai Giuseppe#Benavides Hector Alonzo#Benbridge Henry#Bencovich Federico#Bendemann Eduard Julius Friedrich#Bendiner Alfred#Bendl Johann#Benedetti Ignazio#Benedetti Thomas#Benedetto da Maiano#Benedetto di Bindo, also called Benedetto di Bindo Zoppo#Benedict Bremner#Benefial Marco#Benglis Lynda#Benham Mary#Benjamin E.#Bennet and Lacy, London#Bennett#Bennett and Caldwell, Philadelphia#Bennett Edward I#Bennett William#Bennington Pottery, Bennington, Vermont#Benoist Antoine#Benoist Guillaume Philippe#Benoist Philippe#Benque#Benque et Cie.#Benque et Klary#Benson Ambrosius#Benson Frank Weston#Benson Richard#Bentley Benjamin#Bentley Joseph Clayton#Benton Irene#Benton Margaret Peake#Benton Thomas Hart#Bentz Samuel#Bentzen Josefine#Bentzon Peter#Benvenuti Pietro#Bérard Honoré Marius#Berardi Fabio#Béraud Jean#Berchem Nicolaes Pietersz.#Berckheyde Gerrit Adriaensz.#Berckheyde Job#Berd Morris#Berendt Moritz#Beretta Giuseppe#Berg Cornelis van den#Bergdorf Goodman, New York#Bergenfeld Vivian#Bergengren Johan#Berger Carl Otto#Berger Daniel#Bergey Benjamin#Bergh Nicolas van den#Berghe Christoffel van den#Bergler Josef II#Bergman Knitting Mills, Philadelphia#Bergmüller Johann Baptist#Bergmüller Johann Georg#Bergognone (Ambrogio di Stefano da Fossano)#Berjon Antoine#Berkers Christina#Berkman Bernece#Berkowitz Joseph#Berlin Beatrice Winn#Berlin porcelain factory, Berlin, Germany#Berlinghieri Camillo#Berman Eugène#Berman Harry G.#Berman Leonid#Berman Sarah#Berman Zeke#Bernadotte Sigvard#Bernard Augusta#Bernard Édouard#Bernard Émile#Bernard Jeanette#Bernard Nicholas#Bernard Samuel#Bernardi Jacopo#Bernardoni Giovanni#Bernhard Ruth#Berni G.#Bernigeroth Martin#Berninger Edmund#Bernstein Meyer#Bernstein Rita#Bernstein Shirley#Berrocal Miguel Ortiz#Berselli Giovanni#Bertaud Rosalie Madame#Berteil#Bertelli Christofano#Bertelli Francesco#Bertelli Luca#Berthault Jean Pierre#Berthault Pierre-Gabriel#Berthe Jean#Berthélemy Pierre Emile#Berthellot John#Berthier Marc#Berthier Philippe#Berthold Carl Ferdinand#Bertieri Pilade#Bertin Claude#Bertini Angelo#Bertinot Gustave Nicolas#Bertoia Harry#Bertoldi Antonio#Bertonnier Pierre François#Bervic Charles Clément#Besharo Peter Attie#Besnard Albert#Besnus Amédée#Best & Co.#Best & Co., Fifth Avenue (New York)#Best & Co., Lilliputian Bazaar#Betancourt Jean#Betbeder (called Faustin) Faustin#Betmar#Bétout Clément#Bettazzi Ranieri#Bettelheim Jolan Gross#Bettelini Pietro#Betti Shoes, Florence, Italy#Bettou Alexandre#Bettridge John#Betts Anna Whelan#Betty & Anne, New York#Betzoldt Johann Jakob#Beuhler John George#Beurs Stiermans André Paul de#Beusekom Frans von#Beuville Georges-Pierre#Beuys Joseph#Bewick Thomas#Bey Dawoud#Beyer Eduard#Beyeren Abraham van#Beyle Pierre#Bezanson Thomas Brother#Bhavanidas#Biagio d'Antonio da Firenze#Biais Maurice#Bialo Madame#Biancalani#Bianchi Cajetan#Bianchi Cristoforo#Bianchi Giovanni Paolo#Bianchin Cristiano#Bianco#Bianco Allison#Bianco Pamela#Biard Pierre II#Bibb Charles#Bicci di Lorenzo#Bichard Adolphe Alphonse Géry#Bickham George the Younger#Bickham J.#Bicknell William Henry Warren#Bidauld Jean-Joseph-Xavier#Biddle George#Bidwell Penelope Scott#Bieber Caroline E.#Bieber John#Biederman Charles J.#Bigari Vittorio Maria#Bigg William Redmore#Biggers John#Biggs Colonel#Biggs Roger#Bignami Adolfo#Bigot (also known as Shidari-Kiki) George#Bigot Andrée#Bikkembergs Dirk#Bilenker Melanie#Bill Max#Bill Sally Cross#Billings Henry#Billmyer John#Billmyer Mina#Billoin Charles#Billops Camille#Billotey#Billotte René#Billwiller Johann Lorenz Jacob#Billy Charles Bernard de#Billy Nicolò#Binasco (Francesco da Lonate) Francesco#Binck Jakob#Binet Louis#Bing & Grøndahl, Copenhagen#Bing Ilse#Binkley Joan Fraerman#Binner, New York#Bion & Tschumper, St. Gall, Switzerland#Biondini Vincenzo#Biorkman Anders Jonas#Birch Thomas#Birch William#Birch Willie#Birchler Joseph Anton#Bird Joseph#Bird Joseph#Bird Louisa#Birks Alboine#Birks Lawrence#Birmann Wilhelm#Biro Mihaly#Biscaino Bartolommeo#Biscarra Carlo Felice#Bishop Father Job#Bishop Isabel#Bishop Lydia#Bishop Richard#Bisi Bonaventura Fra#Bisi Ernesta#Bisi Michele#Bison Giuseppe Bernardino#Bisschop C. (Christian, Christoffel, or Cornelis)#Bisschop Jan de#Bissel Andreas#Bissinger Joseph August#Bitterlein (plate armorer) Zacharias#Bittheuser Johann Pleikard#Bixler Absalom#Bjørn Acton#Blacen Joseph Le#Black#Black#Black Betty#Black David#Black James#Blackburn Morris Atkinson#Blackburn Robert#Blackwell H.#Blagdon Emery#Blahnik Manolo#Blaine Nell#Blake C. S.#Blake William#Blakelock Ralph A.#Blanchard Auguste I#Blanchard Auguste Jean Baptiste Marie II#Blanchard Auguste Thomas Marie III#Blanchard Sarah#Blancheron's factory, Paris#Blanchet-Magon Louis#Blass Bill#Blauner's, Philadelphia#Blauvelt Pearl#Blaylock & Blynn#Blees Joseph Hubert#Bleker Gerrit Claesz#Bléry Eugène#Blesendorf Samuel#Bleuler Johann Heinrich#Bley Auguste#Bleyswick François (or Frans) van#Blin Edouard-Pierre#Blinko Nick#Bliss Alma Hirsig#Bloch Achille#Bloch Carl Heinrich#Bloch Julius T.#Bloch Lucienne#Block Eugène De#Bloemaert Abraham#Bloemaert Cornelis#Bloemaert Frederick#Bloemaert Hendrick#Blois Abraham de#Blomberg Hugo von#Blondeau Jacques#Blood T.#Bloomingdale's#Bloor Hannah#Bloot Pieter de#Blooteling Abraham#Blossfeldt Karl#Blot Maurice#Blott Geo#Bluck John#Blum Store, Philadelphia#Blumarine, Italy#Blume Peter#Blumenschein Helen Greene#Blumer und Leisenring, Allentown, Pennsylvania#Blædel Bolette#Boardman & Hall, Philadelphia#Boardman & Hart, New York#Boardman Rosina Cox#Bobolocon#Bobrikova Thea (Ekaterina)#Bobrowicz Yvonne Pacanovsky#Boccanera Giacinto#Boch Helen von#Bochmann Alexander Heinrich Gregor von#Bochner Mel#Bock Christoph Wilhelm#Bock Vera#Böcklin Arnold#Bocourt Étienne Gabriel#Bocquet E.#Boddie Terry#Bode (called Bob Bode) Robert#Bodenehr Moritz#Bodmer Gottlieb#Bodmer Karl#Bodmer Walter#Boehm Michael#Boel Cornelis#Boel Coryn#Boel Pieter#Boelema de Stomme Maerten#Boener Johann Alexander#Boericke Johanna Magdalene#Boerner Johann Andreas#Boetius Christian Friedrich#Boetzel Philippe-Ernst#Bogaerts Félix#Bogle John#Bogner, Germany#Boguet Didier#Bogy's por Gibo#Bohlander E.#Böhm Amadeus Wenzel#Böhm Johann#Böhm Johann George the Younger#Böhme Carl Wilhelm#Bohnen Blythe#Bohrod Aaron#Boileau Philip#Boilly Alphonse#Boilly Julien Léopold#Boilly Louis-Léopold#Boily Louis#Boissard Robert#Boisseau Henri#Boissière Samuel#Boissieu Jean Jacques de#Boit Charles#Boitard Louis-Philippe II#Boizot Louis-Simon#Boizot Marie Louise Adelaide#Bol Ferdinand#Bol Hans#Bolan Barbara#Boldini Giovanni#Boldrini Niccolò#Bolkcom Betsey#Bollmann Friedrich Wilhelm Emil#Bologna Giovanni#Bolognini Gian Battista I#Bolotowsky Ilya#Bolswert Boetius Adams#Bolswert Schelte Adams#Bolton Randy C.#Bolton Thomas#Bomberg David#Bombled Karl Frederik#Bomes David#Bonaini Gustavo#Bonajuti Ignazio di Paolo#Bonaparte Charlotte Princess#Bonar-Phelps, Strawbridge & Clothier, New York#Bonasone Giulio#Bonato Pietro#Bonaveri Domenico Maria#Bond H. W.#Bond William#Bone Henry#Bonechi Lorenzo#Bonetti Massimo#Bonfield George Robert#Bonfils Félix#Bongarde Armand#Bonheur (also called Rosa Bonheur) Marie-Rosalie#Bonhommé Ignace François#Boni Giovanni Martino dei#Bonifas Paul#Bonifazio Natale di Girolamo#Bonilla Dolores J#Boning & Small, Baker Street, London#Bonington Richard Parkes#Bonnard Pierre#Bonnefoy d'Arles Jacques#Bonnejonne Eloy#Bonner Jonathan#Bonnet Louis-Marin#Bonnoniensi F.#Bonomi Liliana#Bononi Lucio#Bonovitz Jill#Bonsall Mary Waterman#Bonsignori Francesco#Bonsonge#Bontecou Lee#Bonvel Fauquet, Bolbec, France#Bonvin François#Bonwit Teller#Bonwit Teller, New York#Bonwit Teller, Philadelphia#Bonzagni Giovan Federico#Bonzi Pietro Paolo#Bookheimer Susan#Bookprinter Anna Maria#Boone Jeremiah#Boontje Tord#Boot William#Booth Franklin#Borboni Matteo#Borch Gerard ter#Borcht Anton van der#Borcht Hendrik van der the Younger#Borcht Peter and Frans van der#Borcht Pieter van der IV#Bordas Paola#Bordiga Benedetto#Bordley John Beale Judge#Bordone (Paris Pasqualino) Paris#Borel Sophie#Borel, Paris#Boret A. de#Boretz Naomi#Borgiani Orazio#Borgila, Sweden (Stockholm)#Borgnet Jean François#Borie Adolphe#Borkek, Philadelphia#Borne Mortimer#Bornet Claude#Borofsky Jonathan#Borsalino, Italian#Borssom Anthonij van#Bortignoni Giuseppe#Bortner Selma#Bos Anthonie van den#Bos Balthazar van den#Bos Cornelis#Bosa Gaetano#Bosch Hieronymus#Bosch Jacob Pieter van den#Bosch Pieter van den#Bosche Elias van der#Boschetti Benedetto#Boscoli Andrea#Boscolo Luigi#Bose Nandalal#Bosse Abraham#Bossi Benigno#Bossi C. A.#Bossi Giacomo#Bostelmann Enrique#Boston and Sandwich Glass Company, Sandwich, Massachusetts#Boston Earthenware Manufacturing Co., Boston#Botet François#Both Andries#Both Jan#Bothwell Dorr#Boto Martha#Bott Thomas John Jr.#Botta Mario#Bottani Giuseppe#Bottee Louis-Alexandre#Bottega Veneta#Böttger Johann Gottlieb#Botthof Joseph#Botticelli (Alessandro di Mariano Filipepi) Sandro#Bottle Neil#Bottomley John William#Botts Hugh#Bottschild Samuel#Bouchardon Edme#Bouché Louis#Boucher François#Boucher Jules Armand Guillaume#Boudewyns Adriaen Frans#Boudicca, London#Boudin Eugène-Louis#Boudinot Elias#Boué Soeurs#Boughner A. V.#Boughter Lisa#Boughton Alice#Bouguereau William-Adolphe#Bouilliard Jacques#Bouillon Pierre#Bouillon Victor J.#Bouisset Étienne Maurice Firmin#Boulanger Jean#Boulle André-Charles#Boullogne Louis de#Boulonois Esme de#Boulsover Thomas#Boult Michael#Boulter Hannah#Boulton Matthew#Bouquet Auguste#Bouquet Michel#Bourdelle Emile-Antoine#Bourdelle Pierre#Bourdon Sébastien#Bourgeois Eugène#Bourgeois Louis-Maximillien#Bourgeois Louise#Bourgois J.B.H.#Bourke-White Margaret#Bourne & Shepherd#Bourne Samuel#Boursse Esaias#Bout Pieter#Boutelou Louis Alexandre#Boutet de Monvel Bernard#Boutet Nicholas Noël#Boutrois Philibert#Bouts Dierick the Elder#Bouttats Filibert the Elder#Bouttats Gaspar#Bouty (called Milleraud-Bouty) Louis-Joseph#Bouvet fauquier à Bolbec#Bouvier Abraham#Bouvier Am.#Bouvier Pierre Louis#Bouzonnet Stella Claudine#Bovi Marino#Bovie Felix#Bovinet Edme#Bovy Antoine#Bow porcelain factory, London#Bowar Sharon#Bowen John T.#Bowkett Jane Maria#Bowlby Astrid Magdalen#Bowling Charles Taylor#Bowne Elizabeth#Box Hans William de la Rive#Boyd Fiske#Boyd John#Boyd Parks#Boye af Gennäs Fredrik#Boyer Catharine#Boyer D'Aguilles Jean Baptiste#Boyer Helen#Boyer Louise#Boyer Ralph Ludwig#Boyle Sarah Yocum McFadden#Boyne John#Boys Thomas Shotter#Boyton Charles#Boyvin René#Bozzolini Matilde#Braagaard Inc., New York#Bracci Pietro#Brachard Jean Charles Nicolas#Bracho Ángel#Bracquemond Félix-Joseph-Auguste#Braddock Jemima#Brader Ferdinand A.#Bradford Mark#Bradford William#Bradish Emily#Bradley & Currier Co. Limited, New York#Bradley & Hubbard, Meriden, Connecticut#Bradley Will H.#Bradshaw Dove#Bradshaw Thelma Finster#Brady Mathew B.#Braekeleer Henri De#Braeu Nicolaes#Brain John#Braith (or Breith) Anton#Brak Jane#Brakenburg Richard#Brameld & Co., near Rockingham, Yorkshire, England#Bramer Leonard#Branchard Emile Pierre#Branche Paul#Brancusi Constantin#Brand Friedrich August#Brand Johann Christian#Brand Robert#Brandard Edward Paxman#Brandard Robert#Brandon Jacques-Émile-Édouard#Brandt Betsy#Brandt Bill#Brandt Franz#Brant R.#Brantley James#Brants Matthias#Braque Georges#Brascassat Jacques-Raymond#Brasher Ephraim#Brasier Claude Amable#Brassaï#Brasser Leendert#Braun Adolphe#Braun Augustin#Braun Michael#Brauner Victor#Braunstain Arthur#Bräutigam Johann Jakob#Bravo#Breading Robert#Brebes Jean François#Brebiette Pierre#Brechall Martin#Brecheisen Joseph#Brechtel Joachim B.#Breckenridge Hugh Henry#Brée Mathieu Ignace van#Bree Philippus van#Bree W. Reverend#Breen Gillis van#Bregeon Angelique#Breininger Lester P. Jr.#Brekelenkam Quirijn Gerritsz. van#Bremden Daniel van den#Brendel Albert Heinrich#Brenner Elias#Brennhäuser Andreas Wolfgang#Brescia Giovanni Antonio da#Brescianino Andrea#Bresse W. L.#Bresslern-Roth Norbertine von#Breteuil Jacques Laure Comte#Bretherton James#Breton André#Breton Jules-Adolphe-Aimé-Louis#Breton William L.#Bretschneider Daniel the Younger#Bretschneider Friedrich Wilhelm Theodor#Breu II Jörg (the Younger)#Breu Jörg I#Breuer Marcel#Brewster Margaret#Brewton James E.#Brey Hermann#Brézet#Briarcliff#Brias Charles#Brice Freddie#Bridgeport Skirt Company, Bridgeport, Connecticut#Bridges Marilyn#Bridgetown Glass Works, Bridgetown, New Jersey#Bridgment Mary Ann#Bridoux Augustin#Bridport Hugh#Briend de Matignon Alfred#Briggs Judson#Bright Anthony#Brightwell Cecilia Lucy#Briglia Giovanni Francesco#Brigman Anne#Bril Paul#Brimner, Philadelphia Miss#Brinckmann Philipp Hieronymus#Briquet Abel#Britton Edgar#Britton William#Brizio Francesco#Broadbent Hannah#Broadbent Samuel#Brocard Philippe-Joseph#Brocchi#Broche Joseph#Brock Lucy Richards#Brockville Works, Schuylkill County, Pennsylvania#Brodhead Quita#Brodie Judith#Broeck Crispin van den#Bromley Hall, Middlesex, England#Bromley John Charles#Bromley William#Brompton Richard#Bronchorst Jan Gerritsz. van#Bronzino (Agnolo di Cosimo di Mariano) Agnolo#Broodthaers Marcel#Brook Alexander#Brooker Moe#Brooklyn Flint Glass Works, Brooklyn#Brooks Brothers#Brooks Jon#Brooks Mary Ann#Brookshaw George#Brookshaw Richard#Broome Isaac#Brosamer Hans#Brosseau Jean-Charles#Brosterhuisen Jan van#Brothers Michael#Brotherton Mary Ann#Brough John#Brough Thomas#Brouwer Adriaen#Brown & Bro., Inc. Philadelphia#Brown Ann#Brown Barbara#Brown Bolton#Brown Curtis E.#Brown Davis P.#Brown Dean#Brown Don#Brown Emily#Brown Emma#Brown family#Brown Frederick#Brown George Loring#Brown Jane#Brown Joan#Brown John Henry#Brown John Lewis#Brown Joseph#Brown Laurie#Brown Samuel Joseph Jr.#Brown Will#Brown-Westhead, Moore & Co., Staffordshire#Browne and Seal, Philadelphia#Browne Byron#Browne Liberty#Browne Thom#Browning King & Co., New York City#Brubaker (formerly known as the Huber Artist) Abraham#Bruce Patrick Henry#Bruckner, Shoe Maker, London#Brueckner Henry#Bruegel Pieter the Elder#Brueghel Jan the Younger#Brueghel Pieter the Younger#Bruff Thomas#Brugger Dorothy#Brugghen Guillaume Anne van der#Brugnot Louis-Joseph#Bruguière Francis Joseph#Brühl Amelie Comtesse#Brühl Carl Friedrich Moritz Paul von Count#Brummett Thomas#Brun Franz I#Bruna Vincenzo della#Brundage Frances#Brunet-Debaines Louis Alfred#Brunetti Orazio#Brunn D.#Brunn Isaac#Brunner Joseph#Brunner Leopold#Brunner Martin#Brunstrom John A.#Brunton Violet#Brusasorci (Domenico Riccio), also called Brusasorzi#Bruschi Gaspero#Brush George de Forest#Brussel Hermann van#Brustolon Giovanni Battista#Bruton Esther#Bruyn Abraham de#Bruyn Bartel the Elder#Bruyn Bartel the Younger#Bruyn Nicolaes de#Bry Jan Theodor de#Bry Theodor de#Bryce Bros., Pittsburgh, Pennsylvania#Bryce John#Bubbles Woofy#Bucci Doug#Büchel Karl Eduard#Bucher Heinrich#Bucher Joseph#Buchhorn Ludwig#Buchinger Matthew (Matthias)#Buchot M#Buck Frederick#Buck John#Buckett John#Buckie V.#Buehler Robert M.#Buen Retiro porcelain factory, Buen Retiro, Spain#Buff Conrad#Buffalo Pottery, Buffalo, New York#Bugnand Bob#Buhot Félix Hilaire#Buigne Louis Alexandre de#Bulaki#Bulfinch Charles#Bulgarini Bartolomeo#Bullivant Florence Shedwick#Bullock John G.#Bulstra Mary#Bültemeyer Heinrich#Bunce Louis#Buncombe John#Bunge Miki#Bunker George R.#Buñuel Luis#Buonafede Giovanni#Burah#Burani Francesco di Domenico Maria#Buratto Giovanni Battista#Burberry Prorsum, England#Burch Hendrick van der#Burchfield Charles Ephraim#Burck Jacob#Burckhardt Tom#Burde Joseph Carl#Buren Daniel#Buren Philipp van#Burford and Green, London, England#Burge Victoria#Burger Anton#Burger Johann#Burger Ludwig#Burgess John#Burgkmair Hans the Elder#Burgkmair Hans the Younger#Burkhardt Hans#Bürkner Hugo#Burliuk David Davidovich#Burman (or Bürmann) M.#Burne-Jones Edward Coley Sir#Burnet James#Burnet John#Burney François Eugène#Burnford Leonard#Burns Mark#Burns Milton J.#Burns Nathaniel#Burr George Elbert#Burroughs Bryan#Burrows Stephen#Burt Albin Roberts#Burt Benjamin#Burt Charles Kennedy#Burt Samuel#Burton Elizabeth#Burwell Charles#Bury Pol#Bury William Coutts Keppel Viscount#Busch Gail#Busch Georg Paul#Busch Hans#Busch Johann Christoph#Buschmann François Gustave (or Gustaaf)#Buschmann Joseph-Ernst#Bush Charles G.#Büsinck Ludolph#Busse Georg Heinrich#Bustelli Franz Anton#Buster Brown#Butavand Louis Félix#Butler & McCarty, Philadelphia, Pennsylvania#Butler Andrew#Butler David#Butler Sarah#Butler Theodore Earl#Buytewech Willem Pietersz.#Buzby Marget#Bye Randl#Bylaerd Jan Jacob#Byrne William#Byrnes Thomas#Byron Richard Reverend#Bywaters Jerry#C. & W. K. Harvey, Longton, Staffordshire#C. A. Smith Photo Co.#C. Dorflinger & Sons, White Mills, Pennsylvania#C. Fontaine#C. M. (Countess Mara)#C. N.#C. or Louis Fontaine, Philadelphia#C. Parker & Co., Meriden, Connecticut#C. Prueger & Son, Philadelphia#C. Tielsch & Co., Altwasser, Silesia#Cabanel Alexandre#Cabat Rose#Cabel Adriaen van der#Cabrera Miguel#Caccianiga Francesco#Caccioli Giuseppe-Antonio#Cachart Elias#Caddell Thomas#Cades Giuseppe#Cadmus Abraham#Cadmus Paul#Cadwallader Brooke#Caffieri Jean-Jacques#Cage John#Cagnoni Domenico#Cai Guo-Qiang#Cailier Mme#Caines Thomas#Cairns Eleanor S.#Calabrese Joan#Calamatta Luigi#Calame Alexandre#Calder Alexander#Calder Alexander Stirling#Calderwood Robert#Caldwell#Caldwell Charles P.#Caldwell James E.#Calendi Giuseppe#Caletti (il Cremonese) Giuseppe#California Drop Cloth, Inc.#Callahan Harry#Callas Peter#Callery Mary#Callis Ann#Callot Jacques#Callot Soeurs, Paris#Calmé E. Philippe#Calraet Abraham Pietersz. van#Cals Adolphe-Félix#Calvert Edward#Calyo Nicolino#Camacho Francisco#Camassei Andrea#Cambrian Pottery, Swansea, Glamorgan, Wales#Camerata Giuseppe II#Cameri Sante#Camerino Guiliana#Cameron Julia Margaret#Cametti Bernardino#Camille Naudot, Fils et Cie., Paris Naudot Camille#Caminade Alexandre-François#Camligue#Cammarano Giuseppe#Cammen Hendrik Van Der#Camp Donald E.#Campagnola Domenico#Campagnola Giulio#Campana Fernando#Campana Pietro#Campanella Angelo#Campbell Blendon Reed#Campbell Floyd#Campbell Robert#Campbell William H.#Campeche y Jordán José#Campendonk Heinrich#Camphausen Wilhelm#Camphuysen Govert#Camphuysen Joachim#Campi Antonia#Campigli Massimo#Campiglia Giovanni Domenico#Campin, also called the Master of Flémalle Robert#Campus Peter#Campuzano Anthony#Camuccini Vincenzo#Canadé Eugene George#Canadé Vincent#Canale Giuseppe#Canale Victor#Canaletto (Giovanni Antonio Canal)#Cange Simone#Canini Marcantonio#Canner Christopher I#Canner Christopher II#Canot Pierre Charles#Canova Antonio#Cantagallina Remigio#Cantarini Simone#Canterbury, New Hampshire community#Cantini Giovacchino#Canton Glass Company, Canton, Ohio#Canton Gustav#Cantor Mircea#Cantú Federico#Canuti Domenico Maria#Cao Zhibai#Caovilla René#Capa Cornell#Capa Robert#Capellan Antonio#Capelle Albert#Capezio#Capezzuoli Massimiliano#Capitelli Bernardino#Caponigro Paul#Caporali Filippo#Cappellini S.p.A., Arosio, Italy#Cappiello Leonetto#Cappuccio Angelo#Capucci Roberto#Caputi Giuseppe#Caqué Armand-Auguste#Caquet Jean Gabriel#Carabain Jacques-François#Caradelle, New York#Caraglio Gian Giacomo#Caramia Pierangelo#Caranica Gloria#Caravaggio (Michelangelo Merisi)#Carbin-Gips Wilhelmine#Carden Terry & Jane William, Ireland (active Dublin)#Carder Frederick#Cardin Pierre#Cardinali A.#Cardon Antoine#Carelli Giacomo#Carew Berta#Carew Braley Colman#Carey Charles Philippe Auguste#Carey Elizabeth Sheridan#Carey William Paulet#Carjat & Cie., Paris#Carjat Etienne#Carles Arthur Beecher#Carlier Emile#Carlile Abraham#Carlin John#Carlin Martin#Carlone Carlo#Carloni Giovanni Battista#Carloni Marco#Carlos Berges Bazaar, Madrid#Carlos New York Hats#Carlson Cynthia J.#Carlu Jean#Carman Nancy#Carmiencke Hermann#Carnegie Hattie#Carnell Jack#Caro Manuel#Carocci Filippo#Carolus Louis-Antoine#Caron Adolphe Alexandre Joseph#Caron Jean Louis Toussaint#Caronni Paolo#Carpaccio Vittore#Carpeaux Jean-Baptiste#Carpenter Miles B.#Carpenter Syd#Carpenter William Hookham#Carpentier Charles Le#Carpentiers, Philadelphia#Carpetto#Carpi (Girolamo Sellari) Girolamo da#Carpi Ugo da#Carpioni Giulio I#Carr Ann#Carr James#Carrà Carlo#Carracci Agostino#Carracci Annibale#Carracci Lodovico#Carrée Antoine#Carrel John#Carren Rachel#Carreto Diego Salvador#Carrey Jacques#Carrick William#Carrière Eugène#Carrington Leonora#Carroll Leon V.#Cars Laurent#Carson Sarah#Carson Sol#Cartaro Mario#Carter C.#Carter Clarence Holbrook#Carter Eva Mae Fowler#Carter Henry#Carter Howard#Carter J. Edward#Carter John II#Carter William#Cartier#Cartier, Paris#Cartier-Bresson Henri#Cartlidge Charles#Cartwright Benjamin I#Carus Carl Gustav#Carvalho et Cie#Carven, Paris#Cary William#Casa Niccolò della#Casale Joseph#Casali Andrea#Casanova Francesco#Casanova Giovanni Battista#Casas Ramón#Cascella Basilio#Casella#Casey Samuel#Cashin Bonnie#Caspar Joseph#Cassandre (Adolphe Jean-Marie Mouron)#Cassatt Mary Stevenson#Cassina Cecilia#Cassini Giovanni Maria#Castellani, Rome#Castellanos Julio#Castellón Federico#Castiglia Ferdinando#Castiglione (called il Grechetto) Giovanni Benedetto#Castiglione (Lang Shining) Giuseppe#Castiglione Salvatore#Castiglioni Achille#Castiglioni Livio#Castillo Antonio del#Castle C.#Castle James#Castle Wendell#Castleton China, subsidiary of Shenango Pottery Company#Castro Bartolomé del#Catalano#Catalina#Catchpool Ann#Cate Julian A.#Catenaro Juan Bautista#Cathay Of California#Cathelin Louis Jacques#Cathy of California#Catlett Elizabeth#Catlin George#Cats Jacob#Catterlin Frances(?) Judd#Cattini Giovanni#Caughley porcelain factory, Shropshire, England#Caukerken Cornelis van#Cauman Rebecca#Caunois François-Augustin#Caur Arpana#Cava Paul#Cavaceppi Bartholomeo#Cavalier Pierre-Jules#Cavalieri Giovanni Battista#Cavanaugh Philip G.#Cavarozzi Bartolomeo#Cavazza Giovanni Battista#Cave Nick#Cave P.#Cave Robert Haynes#Caverner#Cawdell William#Cawse John#Cawthorn#Caylus Anne-Claude-Philippe de Tubières-Grimoard#Cazé#Cazin Jean-Baptiste-Louis#Cazin Jean-Charles#Cecchi Giovanni Battista#Cecchini Francesco#Cecco Bravo (Francesco Montelatici)#Ceccobelli Bruno#Cecil, Paris and Bruxelles#Cecill Thomas#Cecioni Adriano#Cederquist John#Cedric#Cele#Celmins Vija#Cenni di Francesco (Cenni di Francesco Cenni di Ser Cenni)#Central Glass Company, Wheeling, West Virginia#Cepparoli Francesco#Ceracchi Romauld#Cerbara Giuseppe#Cerbara Niccolo#Cereda Giuseppe#Cernel Émira Marceau, Femme Champion de#Ceroni Luigi#Cesare Canessa, Rome#Cesare Conessa, Roma#Cesare Oscar E.#Cesca Davide#Cesio Carlo#Cestaro Jacopo (Giacomo)#Cézanne Paul#Ch. Pellerin, Épinal, France#Chabanne Flavien Emmanuel#Chace A#Chagall Marc#Chagoya Enrique#Chahbandour Ann#Chaigneau Ferdinand#Chaillou P. J.#Challinor, Taylor & Company, Tarentum, Pennsylvania#Chalmers Catherine#Chalon Christine#Chalon Henry Bernard#Chalon Jan#Cham (pseudonym for Count Amédée Charles Henri de Noé)#Chambars Thomas#Chamberlain John#Chamberlain porcelain factory, Worcester, England#Chamberlain Samuel#Chamberlin Mason#Chamberlin Price A.#Chambillan J.#Chamlee Paula#Chamouin Claude Hilaire Alphonse#Champin Jean Jacques#Champollion Eugène André#Chanda#Chandler Theophilus P.#Chandler's French Room#Chanel Boutique#Chanel Gabrielle (Coco)#Chanel, Paris#Chaney Ruth#Chang Peter#Chantilly porcelain factory, Chantilly, France#Chantrey Francis Sir#Chapeaux D'art, Ardmore#Chapelle Cordonnier, Paris#Chaperon Jean#Chapin Francis#Chaplain Jules-Clément#Chaplin Charles#Chapman Ceil#Chappell Nancy#Chappell Walter#Chapron Nicolas#Chapu Henri-Michel-Antoine#Chardin Jean-Baptiste-Siméon#Chardin Paul Louis Léger#Charkow Natalie#Charland Caleb#Charlemont Eduard#Charles Cartlidge & Company, Greenpoint [now Brooklyn], New York#Charles Coxon Pottery, South Amboy, New Jersey#Charles Jourdan#Charles K. Fox, Inc.#Charles Laing & Co. Hatters#Charles Pillivuyt & Cie., Limoges, France#Charles Rawlings and William Summers#Charles William#Charles Wingender & Brother, Haddonfield, New Jersey#Charlet Nicolas Toussaint#Charlot Jean#Charnay Armand#Charpentier Alexandre Louis-Marie#Charpentier Amédée#Charpentier François Philippe#Charpentier Henri Désiré#Charpentier René#Charters, Cann and Dunn, New York#Charvet et Fils, Paris / New York#Charvet Jean-Gabriel#Chase Brass and Copper Company, Chase Specialty Division, Waterbury, Connecticut#Chase Violet Thompson#Chase William Merritt#Chase-Riboud Barbara#Chasselat Charles Abraham#Chassériau Théodore#Chasteau Guillaume#Chataignier Alexis#Chatelain F.B.#Chatillon Henri Guillaume#Chatillon Louis de#Chattock Richard Samuel#Chaudron & Rasch, Philadelphia#Chaudron Jean Simon#Chauveau François#Chauvel Theophile#Chauvigne Eugène#Chavannaz B.#Chávez Morado José#Chawner#Chawner Henry#Chawner William II#Chays Louis#Chazal Antoine#CHC Group, Attica, Greece#Chedel Pierre Quentin#Cheesman Thomas#Cheffetz Asa#Chelsea Keramic Art Works, Chelsea, Massachusetts#Chelsea porcelain factory, London#Chelsea Pottery, Chelsea, Massachusetts#Chelsea-Derby porcelain factory, England#Chen Chun#Chen Hongshou#Chen Huai#Chen Yongzhi#Chenay Paul#Cheney John#Chéng Jiàn Xūn#Cheng Sui#Cheng Zhengkui#Chenu (Augustin-Pierre-Bienvenu Chenu) Fleury#Chenu Pierre#Chereau l'aîné François#Chéreau le jeune Jacques#Chéret Gustave Joseph#Chéret Jules#Cherkashin Valery and Natasha#Cherner Norman#Chéron Elisabeth Sophie#Chéron Louis#Cherry Herman J.#Chesapeake Pottery, Baltimore, Maryland#Chester Pottery Company, Phoenixville, Pennsylvania#Cheti Fede#Chevalier#Chevillet Justus#Chew Joseph H.#Chez Georges de Hautot, Rouen#Chi Sun-Taek#Chi Tuan#Chiari Fabrizio#Chiari Giuseppe Bartolomeo#Chiba Yuichi#Chiboust P.#Chifflart François Nicolas#Chihuly Dale#Chikkoku#Child#Childs Cephas G.#Childs George K.#Chimes Thomas#Chin Mel#Chinnery George#Chintreuil Antoine#Chiossone Domenico#Chippendale Thomas#Chirico Giorgio de#Cho Tai Eok#Chōbunsai Eishi#Chocarne Jeoffroy Alphonse#Chodowiecki Daniel Nikolaus#Choffard Pierre Philippe#Choi Bok-hee#Choi Sung Jae#Chokha#Choo Chunghi#Chōshi#Christ Agnes Ernstine#Christ Johann Friedrich#Christ Joseph#Christenberry William#Christian Dior, New York#Christian Dior, Paris#Christian Dior, Souliers, France#Christian Hera (1762/63-1817) and John Hera (1767-1812) in partnership#Christian Lacroix#Christo#Chryssa#Chubb Mary Ann#Chughtai M. Abdur Rahman#Chung Haecho#Chung Hak-kyo#Church Frederic Edwin#Church Sharon#Ciamberlano Luca#Cianni Vincent#Cicéri Eugène#Cignani Carlo#Cigoli (Lodovico Cardi)#Cikovsky Nicolai#Cima da Conegliano (Giovanni Battista Cima)#Cimbal Johann#Cinderella Hat Company, New York#Cinnamond Rebecca#Ciocchi Antonio#Cipriani Galgano#Cipriani Giovanni Battista#Circle of M. Merian or P. Aubry#Circle of P. Aubry Unidentified Master I.S.B.#Citron Minna#City Pottery, New York#City Zen Cane#Ciucci Jacopo#Claessens Lambert Antoine#Claesz Allaert#Claflin Susan U.#Claire Leilani#Claire McCardell Clothes by Townley#Claisse Geneviève#Clark Alvan Jr.#Clark Claude#Clark Francis#Clark I.#Clark Joseph#Clark Joseph Benwell#Clark Nannette Acker#Clark Robert#Clark Roland#Clark Sarah#Clark Sonya#Clarke John I#Clasen H.#Clasen Lorenz#Clasens D.#Claudel Camille#Claudet Antoine François Jean#Clausen Nicholas#Claussin Ignace Joseph de#Clay Edward Williams#Clayden Marian#Claypoole Joseph#Clayton David#Clayton Elizabeth#Cleghorn John#Clemens Johan Frederik#Clemente Francesco#Clercq Louis de#Clergerie Robert#Clérian Noël-Thomas-Joseph#Clerici Francesco#Cleter Gregorio#Cleve Joos van#Cleve Marten van#Clews#Clibanoff Lynne#Cliefford Mary Luzetta#Clignancourt porcelain factory, Paris#Cloar Carroll#Cloeter Christian#Close Chuck#Clothier Ann E.#Clouet Jean#Clouet Petrus#Clough Ebenezer#Clough Stanley Thomas#Clow James#Clowney Matthew#Cluett Jan#Coalport porcelain factory, Coalport, England#Coated Candy#Coates Nigel#Coats A. W.#Cobonpue Kenneth#Coburn Alvin Langdon#Coburn John#Cochin Charles-Nicolas the Elder#Cochin Charles-Nicolas the Younger#Cochin Nicolas#Cochin Noël Robert#Cochran John#Cock César de#Cock Hieronymus#Cocks & Bettridge, England (active Birmingham)#Cockson Thomas#Coclers Ludwig-Bernhard#Cocteau Jean#Codde Pieter#Codezo (Tomás Codezo) Thomas de#Codman William C.#Coe Sue B.#Coelemans Jacques#Coen Eleanor#Coeur empanaché workshop, Paris#Coffermans Marcellus#Coffin and Hay, Hammonton, New Jersey#Coffin Peter#Cogger Sarah#Cohen Abigail#Cohen Carol#Cohen Iris#Cohen Jean#Cohen John#Cohen Mark#Cohn Max Arthur#Coignet Gillis#Coindre Gaston Jean#Coker Ebenezer#Colandon Denis#Colani Luigi#Colas Alphonse#Colbenschlag Stephan#Colby ADJ#Cole Alpheus#Cole James#Cole Mary#Cole Thomas#Cole Timothy#Cole Willie#Coleman Glenn O.#Coleman Marcella#Coleman Nathaniel#Coleman Nick#Colenbrander Theodoor Christiaan Adriaan#Coles Lawrence#Colesbourn Sarah Hall#Colescott Warrington#Colette#Coley Simeon#Colflesh Donald H.#Colin Alexandre-Marie#Colin Jean#Colisée de Sacha, Paris#Colizzi F. J.#Colker Edward#Colkett Samuel David#Collaert Adriaen#Collaert Hans II#Collas Louis-Antoine#Coller Ian van#Collet Édouard#Collett Sebastian#Colley Don#Collignon François#Collignon François Jules#Collin Louis-Joseph-Raphaël#Collin Richard#Collingwood Peter#Collins & Co., New York#Collins Harry#Collins James#Collins John#Collins William#Collinson James#Collyer Joseph#Colombini Cosimo#Colombo Aurelio#Colombo Jacopo#Colombo Joe#Colonello Simone da Maestro#Coloni Giuseppe#Colquhoun Robert#Colt Morgan#Comanche#Cominazzo Lazarino III#Comings Julia R.#Comme des Garçons, Tokyo#Comme la Garonne, France#Compagnie des Cristalleries de Saint-Louis, Saint-Louis, France#Comte d' Artois factory, Paris#Conard Rebecca#Conca Tommaso Maria#Concannen Alfred#Condé Jean#Cone Joseph#Coney John#Coninck David de#Conjola Carl#Conner Lois#Connolly Sybil#Conover Robert#Conquy Ephraïm#Conrad Johann Samuel#Consagra Pietro#Consalvos Felipe Jesús#Consolidated Lamp and Glass Company, Fostoria, Ohio and Corapolis, Pennsylvania#Consorti Bernardino#Constable John#Constable Lionel Bicknell#Constant George Zachary#Constantin Auguste#Cöntgen Georg Joseph#Cöntgen Heinrich Hugo#Conti Bernardino de'#Conti Carl#Convers Mary#Converse Lily Schierenberg#Cook Allen Drew#Cook H. D.#Cook Henry Richard#Cook Howard Norton#Cook Mariana#Cook Thomas#Cooke George#Cooke Richard#Cooke William Bernard#Cool Pieter#Coolidge Bertha#Coomaraswamy Ananda Kentish#Cooper Abraham#Cooper Benjamin II#Cooper Colin Campbell#Cooper Emmanuel#Cooper J.#Cooper James Davis#Cooper Nancy#Cooper Richard#Cooper Richard II#Cooper Robert#Cooper Samuel#Cooper's, Kenosha, Wisconsin ('makers of Jockey')#Coornhert Dirk Volkertsz.#Cootwyk Jurriaan#Cope Charles West#Cope Louise Todd#Copeland & Garrett, Stoke-on-Trent, England#Copeland Jo#Coper Hans#Copia Jacques Louis#Coplans John#Copley John Singleton#Copley Noma#Copley William Nelson#Coppedge Fern Isabel#Coppens Augustin#Coppola e Toppo, Italy#Corbay-Wenzel#Corbella Tito#Corbino Jon#Corbould George James#Corbould Henry#Corbould Richard#Corcoran Annette#Cordennier Jacobs#Corinth Lovis#Coriolano Bartolommeo#Coriolano Giovanni Battista#Corlies Margaret#Cormon Fernand#Cornacchia Giovanni#Cornara Carlo#Corneille de Lyon#Corneille Jean Baptiste#Corneille Michel#Corneille Michel Ange#Cornelis Lambert#Cornelisz. van Haarlem Cornelis#Cornelius & Baker, Philadelphia#Cornelius and Company, Philadelphia#Cornelius Robert#Cornell Joseph#Cornet Jacobus Ludovicus#Coro Jewelry, Inc., New York#Corot Armand#Corot Jean-Baptiste-Camille#Corr Erin#Correa Juan#Correa Juan the Younger#Correggio (Antonio di Pellegrino Allegri)#Correll Richard#Corrodi Heinrich#Corry Henry#Corsi Marcantonio#Corso (Nicolò di Lombarduccio da Pieve di Vico) Nicolò#Cort Cornelis#Cortés de Alcocer José#Cortona (Pietro Berrettini) Pietro da#Cortor Eldzier#Corvi Domenico#Cossiau Jan Joost van#Cossin Louis#Costa Antonio#Costa Gianfrancesco#Costa Lorenzo di Ottavio#Costa Tomasso#Costanzi Placido#Coster David#Coster Hendrick#Costigan John#Cosway Richard#Cosÿns François Antoine#Cotes Francis#Cotman John Sell#Cotta Heinrich#Cottin Pierre#Cottrell Marsha#Cottrell Sibilla Marson#Couché Jacques#Couder Stephanie#Couderc, Boulevard Montmartre, Paris#Coué Emile#Coué Francisque#Coulet Anne Philiberte Madamemoiselle#Couna E.#Countess Valde Original#Country Club Hat#Courbe Nicolas#Courbet Gustave#Courrèges André#Court Jean de#Court Shoemakers#Courtauld Augustine#Courtois, also called Il Borgognone Jacques#Courtry Charles#Cousen Charles#Cousen John#Cousin Louis Auguste#Cousins Morison S.#Cousins, Philadelphia#Coussin Hardouin#Coutan Jules-Félix#Couture Thomas#Couturier Léon#Couwenberg Henricus Wilhelmus#Covarrubias Miguel#Coventry Glass Factory Company, Coventry, Connecticut#Covert John R.#Coveyn Reinier#Cox David#Cox George Collins#Cox Jan#Coxcie Michiel#Coxon Charles#Coyne Petah#Coypel Antoine#Coypel Charles Antoine#Coypel Noël-Nicolas#Cozens Alexander#Cozza Francesco#Cozzarelli Guidoccio di Giovanni#Cozzi Giuseppe#Cozzi porcelain factory, Venice#Crabeels Florent Nicolaes#Craeyvanger Gysbertus#Craeyvanger Reynier#Craftsman Workshops, American#Cragg Mary#Craig Burlon B.#Craig John#Craig Thomas Bigelow#Craig William C.#Cranach Lucas the Elder#Cranach Lucas the Younger#Crane Arnold#Crane Walter#Cranstone Lefevre James#Cratis Sally#Craven Shirley#Crawford Margaret#Crawford Martha#Crawford Ralston#Crayer Gaspard de#Creem Tom#Creil pottery, Creil, France#Cremer James#Crépy Louis#Crespi Giuseppe Maria#Crespin Adolphe Louis Charles#Crespin Paul#Cresson Emlen#Cresson Hannah Humphreys#Creston & Petit, Paris#Creswick Thomas#Cret Paul Philippe#Creti Donato#Crew J. C.#Crewdson Gregory#Crimmins Jerry#Cripps William#Crispino Vincenzo#Criss Francis H.#Cristallerie de Pantin: Stumpf, Touvier, Viollet and Cie., Pantin, France#Cristalleries de Baccarat, Baccarat, France#Crivellari Bartolomeo#Crivelli Carlo#Crivelli Vittore#Crochettes of Plexon#Croese L. H.#Croisier Marie Anne#Croke A.#Crome Frederick James#Crome John#Cronin & Wheeler, English (active Birmingham)#Cropanese Filippo#Cros César Isadore Henri#Crosio Luigi#Cross Chas (charles?)#Cross Henri Edmond#Cross Thomas#Crosse Richard#Crossley Richard#Crotti Jean Joseph#CrousCalogero, Barcelona#Croutelle Louis#Crowell Lucius#Croxall and Cartwright, East Liverpool, Ohio#Crüger Theodor#Cruger, Paris#Cruikshank George#Cruikshank Isaac#Cruikshank Robert#Crump Francis#Cruz Diego de la#Csoka Stephen (Istvan)#Cucchi Enzo#Cucciolandia, Boutique per Bambini, Rome#Cucinotta Saro#Cuevas José Luis#Cuisin Charles Emile#Cuisinier Edmond#Cuitt George II#Cullen C.#Cumano Constantino#Cumming Robert#Cummins William#Cunego Domenico#Cunego Luigi#Cungi Camillo#Cunningham and Company, Pittsburgh#Cunningham Imogen#Cunningham William Phelps#Cupid’s Bow Workshop, Paris#Currier & Ives, New York#Currier Nathaniel#Curry John#Curry John Steuart#Curti Bernardino#Curtin Virginia Wireman#Curtis Betty Jean#Curtis Edward S.#Cushing Val#Cushman George Hewitt#Custodis Franz Bernhard#Customcraft#Custos Dominicus#Cuthbert John Jr.#Cutler Amy#Cutler Betsy#Cutts John#Cuvilliés François de#Cuylenburg Jan van#Cuyp Aelbert#Cyrus Gerald