D. F. Haynes & Co., Chesapeake Pottery, Baltimore#D. Richards, Manchester, England#D. W. Scola, Philadelphia#D.M. Baker, Philadelphia#Daché Lilly#Dachettes, Designed by Lilly Daché#Daddi Bernardo#Daffinger Moritz Michael#Dagnan-Bouveret Pascal-Adolphe-Jean#Dagoty and Honoré, Paris#Daguet Alfred#Dahl Carl#Dahl Johan Christian Clausen#Dahlstein August#Dai Benxiao#Daibi Shōzen#Daiki Toyosuke IV#Daiki Toyosuke V#Dailey Daniel Owen#Daintrey Marmaduke#Dal Co, Roma#Dalcò Antonio#Dalem Cornelis van#Dalen Cornelis van I#Dalen Cornelis van II#Daley William#Dalí Salvador#Dalisi Ricardo#Dallemagne & Lazerges#Dallinger von Dalling Alexander Johann#Dallmann Daniel#Dalmasio#Dalou Jules#Dalpayrat Adrien Pierre#Dalrymple Louis#Dalsheimer Bros.#Dalton Richard#Daly Brothers Shoe Co. Inc., Marion, Indiana#Daly Matthew Andrew#Dalziel Edward#Dam Wouter#Dambrun Jean#Damele E.#Damman Benjamin#Damour Charles#Dan Millstein, Inc., American#Dananche Xavier de#Danby Francis#Dance Nathaniel#Danckers Justus#Danckerts Cornelis I#Danckerts Dancker#Danckerts Hendrik#Danckerts Johan#Dandini Cesare#Dane Robert#Danek Leinhart#Danforth Moseley Isaac#Danforth Samuel#Danforth Thomas#Danhauser Josef#Daniel Green#Daniel Holy & Co., England (active Sheffield)#Daniel Josiah II#Daniel of Bath Joseph#Daniel Smith and Robert Sharp (died 1803), England (active London)#Daniell Edward Thomas Reverend#Daniell Jabez#Daniell Thomas#Daniell William#Daniels Marinda#Danielson Deborah#Danin Barbara#Dann Millinery Importer, Philadelphia#Dannequin Alfred Joseph#Danner Peter#Dansaert Léon Marie Constant#Dantzell Joseph#Dantzig Meyer#Danzel Eustache#Danzel Jacques Claude#Daphnis Nassos#Daret Pierre#Darjou Alfred Henri#Darling David#Darly Matthew#Darnstedt Johann Adolph#Darte Frères porcelain factory, Paris#Das Dubraj#Dash Jane#Dash Robert#Dassier Jean [John]#Dassonville Jacques#Dassy Jean Joseph#Dasveldt Jan#Daubigny Charles-François#Dauchez André#Daudet Robert II#Daullé Jean#Daumier Honoré#Daumont Emile Florentin#Dauphin Olivier#Dautrey Lucien#Davenport & Co., Longport, England#Davenport Isaac#Davenport Marjorie#Davenport Samuel#Davey Moyra#David Charles#David d'Angers Pierre Jean#David Feller#David François Anne#David Gerard#David Giovanni#David Hiérosme#David Jacques-Louis#David John Jr.#David John Sr.#David Peter#Davidow#Davidson Bruce#Davidson Jo#Davies Arthur Bowen#Davies James#Davies Jane#Davis & Galt, Philadelphia#Davis Gene#Davis Hubert#Davis Isaac#Davis Lisa Corinne#Davis Lynn#Davis Paul#Davis Sarah#Davis Stuart#Davis Theodore Russell#Davis Vestie#Davis Vicky#Davison Catharine#Davison George#Davison Isabella#Dawe Henry Edward#Dawkins Henry#Dawson Alfred#Dawson Henry#Dawson Manierre#Day F. Holland#Day Larry#Day Robin#Day Worden#Daysigner Johann Lorenz#de Amaral Olga#de Angelis Domenico#De Blompot (The Flowerpot), Rotterdam, Netherlands#De Carolis Adolfo#de Castelbajac Jean-Charles#De Cordoba Mathilde J.#De Diego Julio#De Dissel, Delft#De Drie Klokken (The Three Bells), Delft#De Drie Porceleyne Flessies  Delft, The Netherlands#De Drie Posteleyne Astonne (The Three Ash Barrels)#de Feo Luigi#De Forest Roy#De Gecroonde Theepot (The Crowned Teapot), Delft#De Grieksche A (The Greek A), Delft#de Guatemala Joyce#De Klaauw (The Claw), Delft, Netherlands#de Kooning Willem#de la Renta Oscar#de Large Edward#De Lucchi Michele#de Martelly John Stockton#De Metaale Pot (The Metal Pot), Delft, Netherlands#De Meyer Adolf#De Paauw (The Peacock), Delft#De Pinna, Fifth Avenue, New York#De Porceleyne Byl (The Porcelain Ax), Delft#De Porceleyne Schotel (The Porcelain Dish), Delft, Netherlands#De Santini#De Twee Scheepjes (The Two Little Ships), Delft#De Vergulde Blompot (The Gilded Flowerpot), Delft#de Vries von Doesburgh J.#De Witte Ster (The White Star), Delft, Netherlands#Deacon Richard#Dean Mallette#Dean Thomas Anthony#Dearle John Henry#Death John#Death Thomas#DeBevoise#Debillemont-Chardon Gabrielle#Deblois Charles Alphonse#Debucourt Philibert-Louis#Debusschère of Bruges#Decamps Gabriel-Alexandre#DeCarava Roy#Deck Joseph-Théodore#Decker Cornelis Gerritsz.#Decker Elizabeth#Decker Mary#Decoeur Emile#Décorchemont François-Emile#Dedham Pottery, Dedham, Massachusetts#Dee Henry William#Dee Leo#Deeds Kip#Deeves F.#Deevy Mary#Defer Family#Degas#Degas Hilaire-Germain-Edgar#Deger Ernst#Degerberg, Philadelphia#Dehate Abraham#Dehn Adolf#Dehner Dorothy#Dehoy Joseph Ignace#Deineka Aleksandr Aleksandrovich#Deines Ernest Hubert#Deininger Jacob Friedrich#Deinnger Clemens#Del Favero Bruno#Del Mue Maurice August#Del Vecchio#Delacroix Ferdinand-Victor-Eugène#Delafosse Jean Baptiste#Delaherche Auguste#Delamotte William Alfred#Delaney Beauford#Delannoy Aristide#DeLappe Pele#Delatre Jean-Marie#Delaunay Carle#Delaunay Robert#Delaunay Sonia#Delaune Étienne#Delff Jacob Willemsz. II#Delff Willem Jacobsz.#Delfini Delfino#Delicata#Delignon Jean Louis#della Quercia Priamo#Della Robbia Andrea#Della Robbia Giovanni#Della Robbia Luca#Dellarocca Carlo#Dellschau Charles A. A.#Delman#Delmestre John#Delorme Berthe Mlle.#Deloye Jean-Baptiste-Gustave#Delpini (pseudonym)#Delsarte Louis#Delton Louis-Jean#Delvaux Remi Henri Joseph#Demand Thomas#Demare Henri#Demarest Abraham P.#Demarne Jean-Louis#Demarteau Gilles Antoine#Demarteau Gilles the Elder#Demasso Michel François#deMatteo William G.#Dembour and Gangel, Metz, France#Dembour Madame#Demengeot#Demetrios Virginia Lee Burton#Demuth Charles#Dene Thomas#Denis Maurice#Denison Harold#Denn Basile#Denner Balthasar#Dennis Helen Bishop#Dennis Sarah#Dennis Sylvia H.#Denon Dominique Vivant Baron#Densten Lydia#Dente Marco#Denton#Dentzel Carousel Company, Philadelphia#Deny Jeanne Mlle#Deny Martial#Depardon Raymond#Dequevauviller François I#Dequevauviller François Jacques II#Derain André#Derby porcelain factory, Derby, England#Deroche, 16, Rue Jean-Jacque Rousseau, Paris#Deroy Isidore#Derr Peter#Deruet Claude#Desaulx Jean#Desbois Martial#Desbrosses Léopold#Descamps Guillaume Désiré#Descat Rose#Desclaux Théophile Victor#Descourtis Charles-Melchior#Deshaies Arthur#Deshayes Jean#Deshays Jean-Baptiste#Desiderio da Settignano#Desjobert Louis Rémy Eugène#Deskey Donald#Desmaisons Emilien#Desmaisons N.#Desmazières Erik#Desnoyers (called Boucher-Desnoyers) Auguste Gaspard Louis Baron#Desplaces Louis#Desrochers Étienne Jahandier#Dessaïn Emile François#Dessner Murray#Destappe François Jacques Marie Maurice#Desvachez David Joseph#Detaille Jean-Baptiste-Édouard#Detouche Henri Julien#Deuchar David#Deurer Ludwig#Deutsch Hans Rudolf Manuel#Deutsch Matthes#Deutsch Ostarfikanische Gesellschaft#Devadasa of Nurpur#Devens Mary#Dever Jeffrey Lloyd#Devi Bacho#Devi Baua#Devi Jagadamba#Devi Mahasundari#Devi Punna#Devi Sita#Devilliers Antoine#Devis Arthur#DeVore Richard#Dewing Thomas Wilmer#DeWolff Debra#Dexter William#Dey Kris#Dey Mukul#Dezarrois Antoine F.#di Marcantonio Sforza#di Sant'Angelo Giorgio#di Suvero Mark#di Verdura Fulco#Dial Thornton Sr.#Diamante (Diamante di Feo) Fra#Diamantini Giuseppe#Diamond Freda#Diamond Hugh Welch#Diaz de la Peña Narcisse-Virgile#Díaz de León Francisco#Dibart Castel#Dibbets Jan#diCarlo Caramella#Dick Gladys Roosevelt#Dickenson Susan#Dickinson Anson#Dickinson Daniel#Dickinson Edwin Walter#Dickinson Preston#Dicksee Herbert Thomas#Didier Adrien#Diebenkorn Richard#Diederich W. Hunt#Diehl Charles-Guillaume#Dielen Willem Mathias Jan van#Dielmann Jacob Fürchtegott#Diemar Nathaneal#Dien Claude Marie François#Diepenbeeck Abraham van#Diepraem Abraham#Dies Albert Christoph#Dietrich Johann Paul#Dietrich, called Dietricy Christian Wilhelm Ernst#Dietrichstein Franz Joseph Prince#Dietterlin Wendel the Elder#Dietz Hugo#Dietzsch Johann Christoph#Diffrient Niels#Dihl et Guérhard (Duc d'Angoulême's factory), Paris#Dillaye Blanche#Dillens Adolf Alexander#Dillens Hendrik#Dillis Johann Georg von#Dine Jim#Dinger Fritz#Diodato Baldo#Dior Christian#Dirstein Michael#Disdéri André-Adolphe-Eugène#Disfarmer Mike#Disney, New York#Divola John#Dix John#Dix Otto#Dixon and Smith, Sheffield, England#Dixon John#Dixon Tom#Djevahitdjzade Hafiz Moussa#Doat Taxile#Dobay Anton#Döbler Georg#Dobler Georg#Doby Eugen#Dobyaschofsky Franz Joseph#Doccia porcelain factory, near Florence#Dodd William J.#Dodge William Waldo#Dodiya Atul#Dodson Priscilla Barnett#Dodson Sarah Paxton Ball#Does Anthony van der#Doesburg (Christian Emil Marie Kupper) Theo van#Doetecum Joannes van the Elder#Doflein Philip#Dohachi#Dohanos Stevan#Doig Peter#Dokuko Shōshi#Dokutan Shōkei#Dolce & Gabbana#Dolendo Bartholomeus#Dolendo Zacharias#Dolivar Jean#Dolle William#Domard Joseph-François#Domberger Luitpold#Domela César#Domenego da Venezia Maestro#Domenico di Bartolo (Domenico di Bartolo Ghezzi)#Domenico di Zanobi (Master of the Johnson Nativity)#Domergue Jean Gabriel#Domingo Lolizo Maria Vicento#Dominick & Haff, New York#Don Margaret#Don Marshall/New York#Donaghy Don#Donahue Susan#Donatello#Donati Enrico#Doney Thomas#Dong Qichang#Donjean Gustave#Donovan C. Mrs.#Donzui Shōan#Doo George Thomas#Doolittle Amos#Dooms Johann Caspar#Dorat Claude Joseph#Dörbeck Franz Burchard#Doré Gustave#Dörffer Johann Jacob#Dorflinger Glass Company, White Mills, Pennsylvania#Doriana e Massimiliano Fuksas, Rome#Dorigny Louis#Dorigny Michel#Dorigny Nicolas#Döring Hans#Dorn Marion#Dornac et Cie, Paris#Dorner Johann Jakob the Elder#Dorner Johann Jakob the Younger#Dornheim Johann Carl#Dorothy Bullitt, Inc.#Dorothy Mills#Dorsey Joshua#Dosamantes Francisco#Dossi (Battista de' Luteri) Battista#Dossi (Giovanni de' Luteri) Dosso#Dossier Michel#Dotti Giovanni Battista#Dou Gerrit#Doucet Jacques#Doucet Lucien#Doughty Thomas#Doughty William#Douglas Aaron#Douglas Isabella#Douglas Rogers & Co., Norwich, Conn.#Doulton & Company, Lambeth, England#Doussault Charles#Dove Arthur Garfield#Dove George W. W.#Dowding Ann Elizabeth#Dowell John E. Jr.#Dowig George Christopher#Downer Susanna#Downes Rackstraw#Downing, Ladies' Hatter#Downs Mar#Dows Olin#Doyle John#Doyle Sam#Dozier Otis#Drabkin Stella#Drake (Dave the Potter) David#Drayton Joseph#Drda Joseph Alois#Drebbel Cornelis#Dreisbach Fritz#Dresser Christopher#Dreves John#Drevet Claude#Drevet Pierre#Drevet Pierre-Imbert#Drévil P.#Drew-Bear Jessie#Drewry George#Drexel Francis Martin#Drey Johan#Dreyer Friedrich Adolph#Dreyer Salomon#Drinkwater Sandylands#Drissell John#Droeshout Martin II#Drouyn Léo#Droz Jean Pierre#Drummond William#du Bois Guy Pène#du Cerceau Jacques Androuet I#du Pasquier Nathalie#Dubbels Hendrick Jacobsz.#Dubois Abraham Jr.#Dubois Abraham Sr.#Dubois Alphée#Dubois Guillam#Dubois Henri#Dubois Joseph#Dubois M.#Dubordieu Pieter#Dubosc Claude#Dubourcq Pierre Louis#Dubourg Louis Fabritius#Dubourg Matthew#Dubreuil#Dubuc Jean-Baptiste#Dubuffet Jean#Dubuque Tanning and Robe Co., Dubuque, Iowa#Duccio (Duccio di Buoninsegna)#Ducerf Scavini & Fils, Paris#Duchamp Marcel#Duchamp Suzanne#Duchamp-Villon (Pierre-Maurice-Raymond Duchamp) Raymond#Duchange Gaspard#Duchess of Rutland Elizabeth (Howard),#Duchess of Sutherland Elizabeth,#Duck Jacob#Duckworth Ruth#Duclaux Antoine Jean#Duclos Antoine Jean#Duclos-Cahon Marie#Dudensing Richard#Dudley G. Eldridge, Inc., New York#Dudreville Leonardo#Duell Cecil A.#Dufala Brothers#Dufaud#Dufeu Edouard#Duff John#Duff-Gordon Lucile Lady#Duffield Edward#Duffy's, Philadelphia#Duflos Claude I#Duflos Claude II#Duflos Philotée François#Duflos Pierre#Dufour Pierre Charles Nicolas#Dufourmantelle Félix#Dufresne#Dufy Raoul#Dughet Gaspard#Duhme & Company, Cincinnati#Duifhuysen, also called Colinckhovius Pieter Jacobsz.#Duizend-Ganz#Dujardin Karel#Dujarric Pierre Lucien Faure#Duke Randolph#Duller Hendrik#Dumas Alice Dick#Dumeé Nicholas#Dumont Jacques#Dumoutet John Baptiste#Dumoûtier Geoffroy#Duncan Andrew#Duncan Elizabeth#Duncan Urquhart and Naphtali Hart, England (active London)#Duncomb John#Dunham Caroline R.#Dunham Carroll#Dunham O. P.#Dunkarton Robert#Dunker Balthasar Anton#Dunker Philipp Heinrich#Dunkerley Joseph#Dunlap & Co., New York#Dunlap Rebekah#Dunn Augusta#Dunn Cary#Dunouy Alexandre Hyacinthe#Dunoyer de Segonzac André#Dunstan Mrs.#Duparc Marie Alexandre#Dupérac Étienne#Dupin Léon#Dupin Nicolas#Duplessis Jean-Claude Sr.#Duplessis-Bertaux Jean#Duponchel Charles Eugène#Dupray Henry Louis#Dupré Auguste#Dupré Guillaume#Dupré Jules#Dupré Louis#Dupree James#Dupréel Jean Baptiste Michel#Dupuis Charles#Dupuis Nicolas Gabriel#Dupuy Daniel Jr.#Dupuy Daniel Sr.#Dura Gaetano#Durand#Durand Antoine-Sébastien#Durand Asher Brown#Durand John#Durand Victor#Durand-Brager Jean Baptiste Henri#Durante M.#Duranti Fortunato#Durantino Francesco#Durantino Guido#Dürer Albrecht#Duret Pierre Jacques#Durgin Eldress Dorothy#Durieux Caroline#Duriez Elie Philippe Joseph#Düringer Daniel#Durkes Elenor#Durlav Chitrakara#Durlet Franciscus Andreas#Dürr Johann#Durst André#Dusart Cornelis#Dustin Kathleen#Dusuzeau A.#Dutertre André#Dutt Godavari#Dutt Grish Chunder#Duttenhofer Christian Friedrich#Duval Barbara#Duval Louis H.P.#Duval Marc#Duvelleroy, Paris#Duveneck Frank#Duvet Jean#Duvinage Rosalie-Eléonore-Antoinette#Duvivier Albert#Duvivier Guillaume#Duvivier Ignace#Duvivier Jean#Dux Alexander#Duyckinck Gerardus I#Duyster Willem Cornelisz.#Dwight Mabel#Dyall Doreen#Dyck Anthony van#Dyck Daniel van den#Dyck Hermann#Dyck Peter Van#Dye Hannah#Dyer Bros., Philadelphia#Dyer Eliz#Dyer George#Dyk Willem Cornelis van#Dyottville Glass Works, Philadelphia#Dyson James