E'laine Shoppe, Philadelphia#E. & L.P. Norton, Bennington, Vermont#E. Buissot, Paris#E. S. Zollinger & Co. Harrisburg, PA#E. Tautz & Sons, London#Eades Christopher#Eaglesfield Louisa#Eaglesfield Mary Ann#Eakins Susan Macdowell#Eakins Thomas#Eames Charles#Earl Arester#Earl Ralph#Earl Township, Berks County Artist Number 1#Earle Lawrence Carmichael#Earlom Richard#East Liverpool Pottery Co.#Eastgate#Eastlake Charles Sir#Eaton Terry#Eaton William#Eaves, Schneider & Blythe, Inc.#Eavis & Brown, London#Ebbekin Pieter II#Ebenezer Coker and Thomas Hannam, English (active London)#Ebenr Breed, Philadelphia#Eberhard Heinrich Wilhelm#Eberle Edward S.#Eberle Robert#Eberlein Johann Friedrich#Ebers Emil#Ebersberg Carl Martin#Ebersole Elizabeth#Ebihara Daniel T.#Ebikane#Eburne J.#Eby Kerr#Ecce Photo#Echard Charles#Eckardt Johann Christian#Eckermann Carl#Eckert Carol#Eckhardt Edris#Eckhoff Tias#Eckmair Frank#Eckstein Johannes (John)#Eckstein Ruth#Edelfelt Albert Gustaf Aristides#Edelinck Gérard#Edelinck Jean#Edelinck Nicolas Etienne#Edelstein Charles#Eden Frances#Edgerly Mira#Edgerton Harold#Edlich Stephen#Edlinger Johann Moritz#Edmett Sarah#Edmonds John#Edmondson Leonard#Edmondson William#Edmunds Allan L.#Edouard D. Honoré, Champroux, France#Edouart Augustin Amant Constant Fidèle#Edridge Henry#Edward Haynes, Jr., Boston#Edward Miller, Philadelphia#Edwards Brothers, Manchester, England#Edwards Edward#Edwards J. C.#Edwards John III#Edwards Melvin#Edwards Parke#Edwards Thomas#Edwards W. Joseph#Edwards Warren#Edwards Wendy#Edwards William#Edwards William Camden#Edwin Bennett Pottery Company, Baltimore#Edwin David#Eeckhout Gerbrand van den#Eeckhout Jakob Josef#Eemont Adriaen van#Egan Daniel#Egawa Hiroshi#Eggleston William#Egleton William Henry#Egley William Maw#Eglington Samuel#Egnal Stuart#Ehinger Gabriel#Ehrenreich Johann Benjamin#Ehrhardt Carl Ludwig Adolf#Eichel Emmanuel#Eichel Philipp Heinrich#Eichens Eduard#Eichens Hermann#Eichholtz Jacob#Eichholzer J.#Eichler Matthias Gottfried#Eickemeyer Rudolf Jr.#Eilers Gustav#Eilshemius Louis Michel#Eimmart George Christoph the Younger#Einen#Eiraku Hozen#Eiriz Antonia#Eisai#Eisemann#Eisenhoit Anton#Eisenmann Georg#Eisenstat Ben#Eishōsai Chōki#Eissenhardt Johannes Kaspar#Ekco Products Company, Chicago#El Greco (Domenicos Theotocopulos)#Elbaz Alber#Elder William#Elfman's, Philadelphia#Elfreth Jeremiah Jr.#Eliane, Paris, France#Elion#Elisofon Eliot#Elizabeth Arden#Elizabeth Woodward#Elkington and Company, Birmingham, England#Elle Louis Ferdinand the Elder#Ellenrieder Maria#Elliot J. Mitchell#Elliott James#Elliott John H.#Elliott John Sr.#Ellis George Brown#Ellis Perry#Ellis William#Ellsworth David#Ellsworth James Sanford#Elluin François Roland#Elmerich Charles Edouard#Elmes William#Elsasser Johann David#Elstrack Renold#Elworth E.#Emanuel Ungaro, Paris#Emaus de Micault Gerhardus#Emerson Edith#Emerson Peter Henry#Emes John#Emme Boutique#Emme Inc., New York#Emmerich#Emmet William#Emminger Eberhard#Empire Cut Glass Company, Flemington, New Jersey#Encke Fedor#Ender Thomas#Endicott & Swett#Endlinger Johann#Enfantin Augustin#Enfield Tile and Pottery Company, Springfield Township#Engel, Philadelphia#Engelbach Georg#Engelbrecht Johann Christoph#Engelmann Gottfried#Engelmann Michael#England James#Engleheart Francis#Engleheart George#Engleheart Thomas Stansfield#English Boxcloth Standard Spats#English Josias#English Mercy#Enguídanos Tom s López#Enjaku#Enoch Wood & Sons, Burslem, Staffordshire, England Wood Enoch#Enríquez de Vargas Nicolás#Ensom William#Ensor James#Enzing-Müller Johann Michiel#Eoff & Phyfe, New York#Episcopo Dominic#Epstein Jacob Sir#Epstein Mitch#Eredi Benedetto#Erez#Erfurt faience factory, Erfurt, Germany#Ergonomi Design Gruppen, Bromma, Sweden#Erhard Johann Christoph#Erhardt Hans Balthasar#Erik, New York#Erin Shōki#Erlebacher Martha Mayer#Ermels Georg Paul#Ermels Johann Franciscus#Ernest Wilfred Sanders and Henry Arthur Mackenzie, England (active Birmingham)#Ernst Julius#Ernst Max#Ernst Teichert GMBH, Meissen, Germany Teichert Ernst#Ernsting Daniel Albrecht#Errani Luigi#Ertinger François#Erve Wijsmuller, Amsterdam#Erwin Henry#Eschke Hermann#Escobedo Jesús#Esher Mary Mrs.#Esherick Wharton H.#Eskuche Matthew#Esnault Albert#Esnauts & Rapilly, rue St. Jacques, Paris#Espalargues (Pere Espalargucs) Pere#Esquivel Sotomayor Manuel#Ess Barbara#Essan Dōshū#Esser Max#Essig George#Este Angiolo Scarbello von#Este Giuseppe d'#Este, Paris#Estermann Boje#Esteve y Marques Agustín#Esteve y Vilella Rafael#Esteves Antonio#Estevez Luis#Estrin E. R.#Etoile Mde.#Etro, Italy#Etting Emlen#Etty William#Eugene Frank#Evan-Picone, New York#Evans David#Evans Donald#Evans Elizabeth#Evans Frederick H.#Evans Minnie#Evans Simon#Evans Terry#Evans Walker#Evenepoel Henri#Everdingen Allart van#Everdingen J.#Evergood Philip#Evins David#Evins, New York#Ewald Arnold Ferdinand#Ewing Rodney#Exilious John G.#Exter Alexandra#Eyck Jan van#Eyers John J.#Eymar Joseph#Eynhoudts Remoldus#Ezdorf Friedrich#Ezdorf Johann Christian Michael