F. & R. Pratt and Company, Fenton, Staffordshire, England Pratt#F. A. Acker, Philadelphia#F. H.#F. R. Tripler & Co., New York#F. S. Gilbert & Company, North Attleboro, Massachusetts#F. W. Cat Trimming Warehouse#Fabbrica Benucci e Latti, Pesaro, Italy#Faber#Faber Frédéric Théodore#Faber George#Faber Herman#Faber John II#Faber Karl Gottfried Traugott#Faber von Creuznach Conrad#Faberge Carl#Fabri Luigi#Fabri Ralph#Fabric Workshop and Museum, Philadelphia#Fabrique de Pellerin, Imprimeur-Libraire, à Épinal#Fabris Antonio#Fabutt George#Facchetti Pietro#Faccini Pietro#Facius George Sigmund#Facius Johann Gottlieb#factory of Felice Cierici, Milan, Italy Cierici Felice#factory of Thomas and John Wedgwood, Big House Works, Burslem#Fagiuoli Girolamo#Faience Manufacturing Company, Greenpoint, New York#Faience- en Tegelfabriek 'Holland', Utrecht, Netherlands#Faipoux John#Fairbrother Edward#Fairholt Frederick William#Fairland Thomas#Fairman Gideon#Faithorne William I#Faivre Jules Abel#Falbe Joachim Martin#Falck Jeremias#Falcon P.#Falconet Étienne-Maurice#Falconetto Angelo#Falda Giovanni Battista#Faldoni Giovanni Antonio#Falkeisen Theodor#Falsetta Vincent#Fanchér Louis#Fang Congyi#Fannie and Hilda#Fannière Frères, Paris#Fanny D.#Fanshaw Samuel Raymond#Fanshawe Catherine Maria#Fantasy Unlimited#Fantetti Cesare#Fantin-Latour Ignace-Henri-Jean-Théodore#Fantuzzi Antonio#Farberware, New York#Farfán de los Godos José Mariano#Fargue Paulus Constantin#Farhad#Farinati Orazio#Farinati Paolo#Farington Joseph#Farnell John#Farr Helen#Farren Thomas#Faruffini Federico#Fashion Originators Guild#Fasnacht Heide#Fath Jacques#Fatoure Pierre#Faucci Carlo#Faucci Raimondo#Fauchery Jean Claude Auguste#Faucon#Faue Otto#Faulconnier#Faulkner Kady B.#Faulkner Robert#Faurer Louis#Faux John#Favannes Jacques de#Fayle George#Fazl#Feake John#Fearn William#Fearnley Thomas#Feasley Joy#Feaster Rachel#Feaster Sarah#Fechner Eduard Clemens#Feckert Gustav Heinrich Gottlob#Feddersen Joseph#Feddes van Harlingen Peter#Fee James#Fehrt Antoine Jean de#Feigl Johann#Feininger Andreas#Feininger Lyonel#Feke Robert#Fekete Alex#Felderman M.#Feldman Eugene#Feldman Vincent D.#Fell Elizabeth#Fell Lawrence#Fellnagel Dorothy Darling#Fellner Colomanus Pater#Fellner Ferdinand#Felsing Georg Jacob#Fenaem (called Fena) Gerrit Gerritz.#Fenderson Annie M.#Fendi#Fendi Peter#Feng Han#Fenner Rest#Fennitzer Georg#Fenton Footwear#Fenton Roger#Fenton Susan#Féraud Louis#Ferber A.C.#Ferdinand August Dom#Ferg Franz de Paula#Ferguson Hiram#Ferguson John#Ferguson William H.#Fermey#Fern Alan#Fernandi (called Imperiali) Francesco#Ferne Hortense#Fernell H.#Fernell Thomas#Ferogio Fortuné#Ferragamo Salvatore#Ferrandini Claudio#Ferrara Andrea#Ferrari Defendente#Ferrari Giuseppe#Ferrari N.#Ferrat Hippolyte#Ferrato Donna#Ferré Gianfranco#Ferrer Rafael#Ferretti Giuseppe#Ferri Ciro#Ferris Jean Leon Gerome#Ferris Stephen James#Ferroni Girolamo#Fessard Étienne#Feuchère Jean-Jacques#Feuchère Pierre-François#Feuillet Jean-Pierre#Feyen-Perrin François Auguste#Fialetti Odoardo#Fiamengo Iacobus#Fichter Robert#Ficquet Étienne#Fidler James B.#Field Alexander#Field John#Field Robert#Fielding Newton Smith#Fielding Theodore Henry Adolphus#Fiene Ernest#Fiesinger Frantz Gabriel#Fiesole Mino da#Fiesta Ware, Homer Laughlin China Company#Fifield Sandi Haber#Filan Wayne#Filassier Antoine#Filipowski Richard#Fillatreau Benoist#Filleul Anne-Rosalie Bocquet#Fillian John#Filloeul Pierre#Filmer John#Finberg Manufacturing Company, Attleboro, Massachusetts#Finden Edward Francis#Finden William#Findorff Dietrich#Fine Ruth#Fink Larry#Finkernagel Ernst#Finlay Campbell, Manchester#Finney Henry#Finster Howard#Fiorillo Nicola#Fioriti Bernardo#Fioroni Ado#Fire Association of Philadelphia, Philadelphia#Firemen's Insurance Company, Baltimore#firm of Carlo Moretti S.r.l., Murano, Italy Moretti Carlo#firm of Charles J. Mason, Fenton, Staffordshire, England Mason C#Firm of Charles Meigh, Hanley, Staffordshire Meigh Charles#firm of Émile Gallé, Nancy, France Gallé Émile#firm of Gatti, Paolini, and Teodoro, Turin, Italy#firm of Helena Wolfsohn, Dresden, Germany Wolfsohn Helena#firm of Maison Carlhian, Paris#firm of René Lalique, Paris Lalique René#firm of Samuel Hollins, Shelton, Staffordshire, England Hollins #firm of Thomas Green, Fenton, Staffordshire, England Green Thoma#firm of Victor Barbizet, France Barbizet Victor#Firm of William Hackwood, Hanley, Staffordshire#Firma Van der Want & Barras, Hollandia and Kunstaardewerkfabriek Regina, Gouda, Netherlands#Firmian Franz Lactanz von Count#Firth Mary#Fischbach Johann#Fischer and Mieg#Fischer Johann#Fischer Joseph#Fischer Ludwig Hans#Fischer Maria Anna#Fischl Eric#Fish Alida#Fish Rebecca H.#Fisher Alexander#Fisher Hannah#Fisher Howell Tracy#Fisher Martin#Fisher Samuel#Fisker Kay#Fislerville Glass Works, Fislerville, New Jersey#Fittler James#Fitzgerald Gerald Lord#Fitzgerald Mary#Flamen Albert#Flameng François#Flameng Léopold#Flanagan Barry#Flanders Hannah#Flannagan John B.#Flato Paul#Flavin Dan#Flaxman John Jr.#Flaxman John Sr.#Fleischer Marsha#Fleischhauer Justus Hermann#Fleischmann Andreas#Fleischmann Friedrich#Fleischmann Jacob#Fleischmann Julius#Fleming William#Fletcher and Gardiner, Boston and Philadelphia#Fletcher Thomas#Flick Robbert#Flickwir Sarah#Flint Hannah#Flint Leroy Walter#Flint Susan#Flipart François#Flipart Jean Charles#Flipart Jean-Jacques#Floethe Richard#Florette, New York and Paris#Florianne, Ardmore, PA#Floridi Francesco#Florini Matteo#Florman Gösta#Florsheim, founded in Chicago#Flory Arthur#Flory Christine#Flory Cynthia#Flory John#Flower Mary#Flumet G. S. de#Focillon Victor Louis#Fock Harmanus#Fock Johanna Johns Datter#Focus Georges#Fogarty Anne#Foggini Giovanni Battista#Foglia Lucas#Fokke Simon#Folberg Neil#Folchetti Stefano#Foley Jennie#Foley Mary#Folkema Jacob#Follin Bartolomeo#Folo Giovanni#Folwell Mary#Fontaine G.#Fontainebleau School of#Fontana Giovanni Battista#Fontana Orazio#Fontana Pietro#Fontana, Rome#Fontanals y Rovirosa Francisco#Fontanesi Antonio#Fontebasso Francesco#Foppa Vincenzo#Foppiani Gustavo#Forain Jean-Louis#Forberg Carl Ernest#Forbes William#Forcada y La Plaza Antonio#Ford Lauren#Ford Richard#Ford Tom#Ford/Forlano#Forest Eugène-Hippolyte#Forever Classic Imports Ltd.#Fornasetti Piero#Forney Annie E.#Forster François#Försterling Otto#Fort Pitt Glass Works, Pittsburgh#Fortier Claude#Fortnum & Mason#Fortuny y Carbó Mariano#Fortuny y Madrazo Mariano#Fosella Giovanni#Foss Olivier#Fossati Davide Antonio#Fossey John#Fosseyeux Jean Baptiste#Fosso Samuel#Fossum Sydney Glen#Foster Clarissa#Foster M. M. Mrs.#Foster Mary#Foster Myles Birket#Fougeron Martine#Foulquier Jean François#Fountain William#Fourmois Théodore#Fousek Frank D.#Fownes, London#Fownes, Paris#Fox Ann Mary B.#Fox Augustus#Fox Gilbert#Fox Gordon Pecore#Fox Mark#Fox Richard K.#Fraas-Slade#Fracanzani Cesare#Frackelton Susan#Fragonard Jean-Honoré#Frame Walter#Franca Manuel Joachim de#Français François Louis#Francés Esteban#Franceschini Vincenzo#Francesco d'Antonio#Francesco da Tolentino#Francesco di Gentile da Fabriano#Francesco di Giorgio (Francesco di Giorgio Martini)#Francesco di Piero Master#Francesco di Vannuccio#Franchoys Lucas the Younger#Francia (Francesco di Marco di Giacomo Raiboldini) Francesco#Francia Alexandre#Francia Jacopo#Franciabigio (Francesco di Cristofano di Francesco)#Francis Frith & Co.#Francis John F.#Francis Sam#Franck#Franck Johann#Franck Joseph#Franck Kaj#Franck Martine#Franck Maximilian#Franckh Hans Ulrich#Francksen Jean#Franco Giacomo#Franco Giovanni Battista#François#François Alphonse#François Jules Charles Remy#François Maître#François Simon#Frank Brothers, New York#Frank Mary#Frank Robert#Frank W. Smith Silver Co., Gardner, Massachusetts#Frankenthal porcelain factory, Frankenthal, Germany#Frankenthaler Helen#Frankl Paul T.#Franklin Ellen Mme#Franklin Simon & Co., New York#Franque Joseph#Franz Hanfstaengl Künstlerverlag A.-G., Munich#Frasconi Antonio#Fraser Charles#Fraser Claud Lovat#Fratelli Rosetti#Fratelli Speich, Cornigliano#Fratrel Joseph I#Fray James#Frazier Danny Wilcox#Frazier Eliza#Fred Norris, Inc.#Freddy#Freddy-gants#Frédéric Léon#Frederich Charles#Frederick John L.#Freed Margred#Freelon Allan Randall#Freeman Don#Freeman Samuel#Freeman William#Freeth Thomas II#Freidhoff Johann Joseph#Frelinghuysen (Estelle Condit Frelinghuysen) Suzy#Frémiet Emmanuel#Frémin René#French Jared#French Shop, Carson Pirie Scott & Co., Chicago#French William#Freny, Paris#Frenzel Johann Gottlieb Abraham#Frère Pierre-Édouard#Frères Richard#Freund Elsa#Frey Christoph Joseph#Frey Johann Jacob#Frey Johann Michael#Frey Johannes Pieter de#Frey Viola#Freyberg Elektrine Stuntz, Baroness von#Frezza Giovanni Girolamo#Friant Émile#Friderich Frantz#Friedlaender Johnny#Friedlander Lee#Friedrich Caspar David#Friedrich Jacob Andreas I#Friedrich Johann Christian Jacob#Friedrich Ludwig#Fries John#Frieseke Frederick Carl#Frilley Jean Jacques#Fris Jan#Frisius Simon Wynouts#Frison Gustave#Frith Francis#Fritsch Katharina#Fritz Anton#Frizon Maud#frogdesign#Fromantiou Hendrik de#Fromberg Eleanor#Froment Nicolas#Fromentin Eugène#Frommel Carl Ludwig#Frosch Carl#Frosne Jean#Frost Emily Phillips#Frueh Alfred J.#Frusca Picino#Fruytiers Philippe#Fry Edward#Fry Laura Ann#Fry Roger#Fry William Thomas#Fuchs Georg Mathias#Fuchs Heinrich#Fuchs Louis Joseph#Fues Christian Friedrich#Füger Heinrich Friedrich#Fuguet Dallett#Fuhr Ernest#Führich Joseph von#Fujiwara Den'ichi#Fujiwara Kei#Fukagawa#Fukagawa Yeizaemon#Fukami Sueharu#Fukase Masahisa#Fukaumi Suminosuke#Fūko#Fukuchi Kyoko#Fuller Sue#Fulper Pottery Company, Flemington, New Jersey#Fumagalli Paolo#Funakoshi Saburo#Funck Jacob#Funke Carl#Fur and Millinery Shop, Philadelphia#Furck Sebastian#Furet Jean-Baptiste-André#Furness Frank#Furnivals (Ltd.), Cobridge, Staffordshire, England#Fürstenberg porcelain factory, Brunswick, Germany#Furukawa Tetsuya#Fuscillo Painter#Fusinati Giuseppe#Fussell Charles Lewis#Fussell Joseph#Fussell Solomon#Füssli Hans Rudolph#Fyt Jan