G. & R. Dewhurst#G. Fox & Co., Hartford, CT#Gaal Jacobus Cornelis#Gabbiani Anton Domenico#Gabbice Girolamo dalle#Gabbuggiani Baldassare#Gabet (or Gawet) Franz#Gabo Naum#Gabriel Justin J.#Gaddi Agnolo#Gade#Gág Wanda#Gagini Antonello#Gail Wilhelm#Gaillard Ferdinand#Gaillard René#Gainsborough Thomas#Gaitonde Vasudeo (V. S.)#Gakutei#Galaktionoff Stepan Filippowitsch#Galanis Demetrius Emmanuel#Galanos James#Gale & Hayden, New York#Gale & Moseley, New York#Gale William#Gale William#Galecio Galo#Galestruzzi Giovanni Battista#Galí (also called Francesc d'Assís Galí i Fabra) Francisco#Galitzine Irene#Gallagher Ellen#Gallagher Michael#Gallagher Sears#Gallait Louis#Galland John#Gallatin Albert Eugene#Galle#Galle André#Galle Claude#Galle Cornelis I#Galle Cornelis II#Gallé Émile#Galle Philips#Gallegos Fernando#Gallenga Maria Monaci#Galli-Bibiena Carlo#Galliano John#Gallimard Claude Olivier#Gallina Gallo#Gallucci Raymond#Galuszka Frank#Galván Jesús Guerrero#Gamba Enrico#Gamba Francesco#Gamelin Jacques#Gammon Reginald#Gamon John#Gandini Alessandro#Gandolfi Gaetano#Gandolfi Mauro#Gandolfi Ubaldo#Gandon James#Ganesh Chitra#Ganeshi Lall & Son, Agra, India#Gangel and P. Didion, Metz, France#Gangel, Metz, France#Ganjōsai Kunihiro#Gannett Ruth Chrisman#Ganso Emil#Gant Perrin, Paris#Gantrel Étienne#Garavaglia Giovati#Garber Daniel#Garber Johann#Garbo Raffaellino del#Garbutt Jane#García Bustos Arturo#Garcia Celia Lauriano#Gardberg Bertel#Garden Phillips#Gardiner Baldwin#Gardiner William Nelson#Gardner Charles Reed#Gardner Daniel#Gardner Mary#Gardone Massimo#Garduño Flor#Gareis Anton the Elder#Gargallo Pablo#Garneray Ambroise-Louis#Garnier Antoine#Garnier François#Garnier Hippolyte#Garofalo Giuseppe#Garouste Elizabeth#Garrard Robert#Garreau Louis#Garrett Philip#Garrido Leandro Ramon#Gärtner Friedrich von#Gasser Hans#Gassies G.#Gast Henry#Gaston & Mathieu#Gate Simon#Gatewood Charles#Gatine Georges Jacques#Gatteaux Jacques-Edouard#Gatteaux Nicolas-Marie#Gatti Giovanni Battista#Gatti Oliviero#Gattinoni Fernanda#Gatto Victor Joseph#Gaucher Charles Étienne#Gaucherel Léon#Gauci Maxim#Gauci William#Gaudier-Brzeska Henri#Gauermann Friedrich#Gauermann Jacob#Gauffier Louis#Gauguin Jean René#Gauguin Paul#Gaulier Philippe#Gaulli (called il Baciccio) Giovanni Battista#Gaultier Jean Paul#Gaultier Léonard#Gauther E.#Gautier Lucien Marcelin#Gautier-Dagoty Arnault-Eloi#Gautier-Dagoty Jacques-Fabien#Gauw Gerrit Adriaensz.#Gavarni Guillaume-Sulpice Chevalier, called Paul#Gay Walter#Gayrard Raymond#Gaywood Richard#Gebauer Christian David#Gebelein George C.#Gebhardt Wolfgang Magnus#Gebrüder Thonet (Thonet Brothers), Vienna#Ged Douglas#Geddes Andrew#Geddes Norman Bel#Geefs Fanny#Geerlings Gerald Kenneth#Geertgen tot Sint Jans#Geffels Frans#Geffen Arnoldus van#Gehenna Press, Northampton, Massachusetts#Gehring#Gehry Frank O.#Geiger Andreas#Geiger Peter Johann Nepomuk#Geille Amédée Félix Barthélémy#Geisinern Susana#Geissler Johann Martin Friedrich#Geissler Rudolf#Geist August Christian#Geistweit Georg Reverend#Gelée Antoine-François#Gélibert Jules Bertrand#Gelle Johannes#Gellée, also called Claude Lorrain#Geller Todros#Gellert Hugo#Gemito Vincenzo#Gene Meyer, New York#Genelli Bonaventura#General Idea (artists' collaborative)#Geniani Girolamo#Genoels Abraham II#Gensler Jacob#Gensler Martin#Gentil François#Geo. W. Allen, Philadelphia#Geoffroy Charles#Georg Jensen Sølvsmedie A/S, Copenhagen, Denmark Jensen#George Allen#George Duncan and Sons, Pittsburgh#George Ernest#George Howe & William E. Lescaze, Philadelphia#George J. Krier and Son, Philadelphia#George L. Ashworth & Bros., Ltd., Hanley, Staffordshire, England#George Smith II and Thomas Hayter#George Smith III and William Fearn, London#George W. Burkes, Philadelphia#George W. Heller Inc., New York#George W. Shiebler & Co., New York#Georges Kaplan, New York#Georget Guy#Georgette Mme#Georgi Giovanni#Georgin François#Georgy Wilhelm#Gérard Marguerite#Gerard, Dufraisseix & Cie., Limoges, France#Gerardin Jean Baptiste#Géraut Pierre Nicolas#Gerbault Henri (Henry)#Gere Richard#Géricault Jean-Louis-André-Theodore#Gerini Niccolò di Pietro#Gerlach Arthur#Germon John#Gernreich Rudi#Gérôme Jean Léon#Gerrold Margaret#Gerry Catharine#Gerth Ruth#Gertsch Franz#Gervex Henri#Gessner Conrad#Gessner Salomon#Gest Margaret#Gethen John Ward#Getsuzō#Getty Mary#Geuder Hans#Geyer Conrad#Geyser Christian Gottlieb#Ghendt D. Van#Ghendt Emmanuel de#Gherardi Antonio#Gherardo del Fora (Gherardo di Giovanni di Miniato)#Gheyn Jacques de II#Ghezzi Pier Leone#Ghigi Pietro#Ghirlandaio (Benedetto Bigordi) Benedetto#Ghirlandaio (David Bigordi) David#Ghirlandaio (Ridolfo di Domenico Bigordi) Ridolfo del#Ghirlandaio Domenico#Ghiselin Cesar#Ghiselin William#Ghisi Giorgio#Ghitti Pompeo#Giacalone Vito#Giacomelli Mario#Giacometti Alberto#Giacometti Diego#Giampietrino (Giovanni Pedrini?)#Giani Felice#Giaquinto Corrado#Gibb Elizabeth#Gibble John#Gibbon Benjamin Phelps#Gibert Antonio#Gibson Charles#Gibson David#Gibson Ralph#Gibson Sybil#Giffart Pierre#Gifford Sanford#Gigadō Ashiyuki#Gigli Romeo#Gignac Benjamin#Gikow Ruth#Gilbert & George#Gilbert Achille Isidore#Gilbert Cunningham & Co., American#Gilbert Helen#Gilbert Reuben S.#Gilbert Victor Gabriel#Gilbert William#Gilboy Margaretta#Giles James#Giles Sarah#Gilhooly David#Gill Andrea#Gill Colin#Gillam Bernhard#Gillberg Jakob Axel#Gille Christian Friedrich#Gilles René#Gilli Alberto Maso#Gilliam Sam#Gillinder and Sons, Philadelphia#Gillinder William T.#Gillingham Charlotte#Gillingham, Philadelphia#Gillois Peter#Gillot Claude#Gillray James#Gilman John G.#Gilpin Sawrey#Gilpin William Reverend#Gimbel Bros.#Gimbel Brothers, Philadelphia#Gimbel Sophie#Gimignani Giacinto#Gini Cesare Massimiliano Conte#Ginter Franz Xavier#Giolfino Niccolò#Giordano Luca#Giovane Francesco#Giovanni dal Ponte (Giovanni di Marco)#Giovanni di Balduccio#Giovanni di Francesco#Giovanni di Paolo (Giovanni di Paolo di Grazia)#Giovanni di Pietro, also called Nanni di Pietro#Giovannini Giacomo Maria#Girard Alexis François Louis Bathilde Mme.#Girard André#Girardet Abraham#Girardet Charles Samuel#Girardet Edouard#Girardet Eugène#Girardet Paul#Girardon François#Giraud Antoine-Cosme#Giraud D.#Girke Raimund#Girl Scouts, New York#Girodet de Roucy Trioson Anne-Louis#Girolamo da Brescia Fra#Girolamo di Tommaso da Treviso#Girometti Pietro#Giron Maria Dolores#Giroux Émile#Girsch Friedrich#Girtin James#Gisele Couture#Gismondi Ernesto#Givenchy Hubert de#Glackens Louis#Glackens William J.#Gladstone Edie#Gladys and Belle, New York#Glancy Michael#Glanville Robert#Glarner Fritz#Glaser Adam Goswin#Glaser Milton#Glasgow Pottery Company, Trenton, New Jersey#Glauber Jan Gottlieb#Glauber Johannes#Gleason Roswell#Gleditsch Paul#Gleizes Albert#Glénisson & Van Genechten, Turnhout, Belgium#Glindoni Henry Gillard#Globe Tanning and Manufacturing Company, Des Moines, Iowa#Gloeckler Raymond#Glover George#Glover John#Glück Heidi#Gluckman Richard#Glume Johann Gottlieb#Gmelin Wilhelm Friedrich#Göbel Angilbert Wunibald#Gobelins tapestry manufactory, Paris#Gober Robert#Gobrecht Christian#Gochiku#Gochōtei Sadahiro#Goddard John#Godefroy François#Godefroy Jean#Godet Jean#Godie Lee#Godwin Thomas#Goeneutte Norbert#Goes Hugo van der#Goessler-Snyder Toni#Goethe Johann Wolfgang#Goetz Carl#Goetz Gottfried Bernhard#Goez Joseph Franz Freiherr von#Gogh Vincent Willem van#Gohaku#Goines David Lance#Goldberg Barry#Goldberg Georg#Goldberger Margit#Goldblatt David#Goldsmith Thomas#Goldsmiths and Silversmiths Company, Ltd., London#Goldthwaite Anne Wilson#Gole Jacob#Goltzius Hendrick#Goltzius Jacob#Goltzius Julius#Golub Leon#Goncharova Natalia Sergeyevna#Gondelier Jean-Baptiste#Gonin Francesco#Gonord Pierre#González Amezcua Consuelo#Gonzalez Juan G.#Gonzalez Julian#González Julio#Gonzalez Nancy#Gonzalez-Torres Felix#Gooch John#Good Minnetta#Goodall Edward#Goodman Charles#Goodman Eileen Taber#Goodman Jon#Goodman Sidney#Goodrich Margaret#Goodyear John#Goodyear Joseph#Goossens Frere & Lowun, Paris#Goossens Jan Baptist#Gorchov Ron#Gordey Ida#Gordon Jessie Fairfield#Gordon John Watson Sir#Gorelick Boris#Gorgerat François#Gorgerat Frères et Cie, Nantes, France#Gorham Manufacturing Company, Providence, Rhode Island#Gorky Arshile#Gorny Hein#Gorodayu Go Shonsui#Gosei#Goseong Choi#Gösler? Joseph#Goss porcelain factory, Stoke-on-Trent, England#Gossaert Jan#Gossage John R.#Gosselin Edmond#Gosset de Guines, called André Gill Louis-Alexandre#Gosset Isaac#Gostelowe Jonathan#Gostiaux Edouard Gabriel#Gott Garrick#Gott Joseph#Göttich Paul#Gottlieb Adolph#Gottlieb Arnold#Gottlieb Harry#Gottlob Ernst#Gottschick Johann Christian Benjamin#Gottscho Samuel#Gotwals Catharine#Goubau Antoine#Goudt Hendrik#Gould Joseph J. Jr.#Goulet#Goulette Abraham A.#Goulette Issac#Goupil & Cie.#Goupy Joseph#Gourcy Henri de Comte#Gouthière Pierre#Goutiere T.#Gouveia Ricardo#Govinda Lal & Sons#Gowen William#Gowin Emmet#Goya y Lucientes Francisco José de#Goyen Jan van#Goyrand Claude#Gozzoli (Benozzo di Lese di Sandro) Benozzo#Graat Barent#Grabau Christian#Grace Beverly#Graeber-Peters Marlene#Graetz Franz#Graf Urs#Graff Anton#Graff, Washbourne & Dunn, New York#Grafly Charles#Graham (Ivan Dabrowsky) John#Graham David#Graham Elizabeth Sutherland#Graham George#Graham John C.#Graham William#Graham, Philadelphia#Graincourt Antoine Noël Benoît de#Grajales Elizabeth#Gramigna Guiliana#Grammel Johann Kaspar#Granara Raffaele#Grandmaison Henri de#Grandville (pseudonym for Jean Ignace Julien Gérard) J. J.#Grange Kenneth#Granite Glass Works, Stoddard, New Hampshire#Grano Antonio#Grant#Grant Charles Jameson#Grant Gordon#Grant Vernon#Granthomme Jacques#Grassby Percy A.#Grasset Eugène#Grassi Neysa#Grauda Brothers, Harlingen, Netherlands#Grauet Susanna#Grave Hannah Nicholson#Gravelot Hubert François#Graves Michael#Graves Morris Cole#Graves Robert#Gravier Florence#Gray George#Gray George#Gray Percy#Grcic Konstantin#Greatbach Daniel#Greatbach William#Gréber Henri#Grecchi Marcantonio#Greco (Michele Lucchese) Michele#Green Benjamin#Green Charles#Green David#Green Jane B.#Green Jane Cecelia I.#Green Richard#Green Rupert#Green Valentine#Green-Field Benjamin#Greenberg Mildred Elfman#Greene Gertrude#Greenpoint Flint Glass Works, Brooklyn, New York#Greenwald Bernard#Greenwood Marion#Greenwood Paul Anthony#Greer Howard#Grefe Conrad#Grégoire et Deneux#Gregori Carlo#Gregori Ferdinando#Gregory and Company, London#Gregory John Worthington#Gregory Waylande#Greig John#Grenaud Henri#Grendey Giles#Grenfell Labrador Industries, Newfoundland & Labrador#Grenier François#Grès#Gresse John Alexander#Gretsch Hermann Dr.#Greuter Johann Friedrich#Greuter Matthäus#Greux Amédée Paul#Greux Gustave#Greuze Jean-Baptiste#Greve Jan Jansen#Grevedon Henri#Grieben Eduard#Griesmann C. W.#Griffe Jacques#Griffen, Smith & Hill Company, Phoenixville, Pennsylvania#Griffin Gary#Griffin Jeff#Griffin Matilda#Griffiths Mary#Grignion Charles I#Grignon Jacques#Grigoriev Boris Dmitryevich#Grimaldi Giovanni Francesco#Grimm Ludwig Emil#Grimm Simon#Grimm Solomon#Grimmer Abel#Grimshaw Ann#Griner Ned#Grinnell-Wolf#Grippe Peter#Grippo Víctor#Gris (José Victoriano González Pérez) Juan#Grison François-Adolphe#Griswell Josephine Harvey#Griswold Ashbil#Griswold Mehitable#Gritsch Stefan#Grivaz Marie#Groenendijk Jacob#Groff June#Groff Lettisha#Grohe Glenn#Groiseilliez Marcelin de#Gromaire Marcel#Gronborg Erik#Grooms Red#Groos Wilhelm#Gropius Walter#Gropper William#Gror#Grose Francis#Gross Chaim#Gross James#Gross Juliet#Gross Thomas Jr.#Gross Walter Thursie#Grossi Augusto#Grossman Nancy#Grossmann Carl August#Grosspietsch Florian#Grosz George#Groszschedel Wolfgang#Groth John#Groux Charles Jean#Grove Kathy#Grueby Faience Company, Boston#Grundmann Basilius#Grundmann Franz#Grundy William#Gruner (also known as Lewis Gruner) Ludwig#Grünler Karl Heinrich#Gruyter Willem II#Gsellhofer Carl#Gu Jianlong#Guadagnini Gaetano#Guarana Jacopo#Guardi Francesco#Guardi Giacomo#Guardi Giovanni Antonio#Guariche Pierre#Guazo Maria Dolores#Gucci#Gucht Michael van der#Gudin Théodore#Gudmundsson Annika#Gué Julien Michel#Guélard Jean Baptiste#Guérard Henri#Guérard Nicolas#Guerdet L.#Guérin Christophe#Guerrero José#Guerrero Xavier#Guerrieri Giovanni Francesco#Guesnu Hilaire#Gugelot Hans#Guichard Louis#Guichon Léon-Pierre#Guidi Giovanni Citosibio#Guidi Raffaelo#Guiducci Angelo#Guilbeau Honoré#Guild Lurelle#Guillard Soeurs, Paris#Guillaume Albert André#Guillaumin Jean-Baptiste Armand#Guillaumot Auguste Alexandre#Guillaumot Louis Étienne#Guimard Hector#Guinness Lulu#Gumery Charles-Alphone-Achille#Gummels Antje#Gund Gordon#Gunst Pieter van#Günther Adolf#Günther Ignaz#Guo Dawei (David Kwo)#Gurdus Melissa#Gurlitt Louis#Gurney & Son Jeremiah#Gussie & Becky, New York#Gustav Kühn, Neu Ruppin, Germany#Guston Philip#Gutekunst Frederick#Gutierrez Gennaro#Gutrecht Matthäus the Younger#Guttenberg Carl Gottfried#Guttenberg Heinrich#Gutwein Johann Balthasar#Guy Achille Edouard#Guy Seymour Joseph#Guyard Jean Baptiste#Guyot Laurent#Guys Constantin#Gwathmey Robert#Gwim James#Gyokkō#Gyokuchi#Gyokuen#Gyōsui