H. Creed & Co.#H. K.#H. Larer & Co., Pottsville#Haach Ludwig#Haag Tethart Philipp Christian#Haagen Joris van der#Haagsche Plateelfabriek Rozenburg, The Hague, Netherlands#Haanen Georg Gillis#Haanen Remigius (Remy) Adrianus van#Haas Meno#Haas Richard#HAB#Habenschaden Sebastian#Haberstumpf Johann Nicolaus#Habert Nicolas#Hache et Pépin-le-Halleur, Vierzon, France#Hackaert Jan#Hackert Georg#Hackert Jakob Philipp#Haden Francis Seymour#Hadfield Ethel#Hadid Zaha#Hadley Leon#Hadlin W. Ad.#Haeften Nicolas Walraven van#Haelbeck Jan van#Haelwegh Albert#Haen Willem de#Haer Anthony van der#Haerdtl Oswald#Haes Carlos de#Haeseler Conrad F.#Haff Wilhelm#Hagboldt Ludwig#Hagedorn Christian Ludwig von#Hagedorn Edward#Hagedorn Karl#Hagen Christian#Haggerty Nancy#Hague porcelain factory, The Hague, Netherlands#Hahn Georg Christian#Hahn Georg Michael#Haid Johann Elias#Haid Johann Gottfried#Haig Axel Herman#Hain J. H.#Haines & Co.#Hainzelmann Elias#Haku Maki#Hakugan Shōsetsu#Halberstadt G. H. Dr.#Halbou Louis Michel#Hald Edward#Haldenwang Christian#Halder & Cronberger, Stuttgart, Germany#Haldwell Elenor#Hale Ellen Day#Hale S.#Halem Henry#Hall Ann#Hall Charles#Hall David#Hall Doris#Hall Douglas Kent#Hall Elizabeth#Hall Ellen#Hall Henry Bryan#Hall John#Hall Joseph#Hall Pierre Adolphe#Hall's Portrait Studio, New York#Hallahan's#Hallé Noël#Hallée Jeanne#Haller von Hallerstein Christoph Baron#Hallman Ted#Hallows Thomas#Halls Richard#Halm Matthäus#Hals Dirck#Hals Frans#Halsted Benjamin#Halston#Hamada Atsuya#Hamada Shōji#Hamanishi Katsunori#Hamblin Sturtevant J.#Hamel Victor#Hamerani Alberto#Hamerani Ermenegildo#Hamerani Ferdinando#Hamerani Gioacchino#Hamerani Giovanni Martino#Hamerani Ottone#Hamers Melchior#Hamerton Philip Gilbert#Hamilton & Davis, Philadelphia#Hamilton and Diesinger, Philadelphia#Hamilton Ann#Hamilton Grant E.#Hamilton James#Hamilton John#Hamilton John McLure#Hamilton Joseph#Hamilton Ray#Hamilton Richard#Hamlin Samuel#Hamlin William#Hammer Christian Gottlob#Hammer Guido#Hammer Johann B.#Hammershøj Svend#Hammersley Ralph#Hammersley Thomas#Hamnett Katharine#Hampshire Pottery Company, Keene, New Hampshire#Hanabusa Itcho#Hanan Shoe Company, New York#Hanau faience factory, Darmstadt, Germany#Hanau Samuel Jacobus#Hancock Charles Frederick#Hancock Trenton Doyle#Hand John S. R.#Handford Alfred Sidney#Handforth Thomas#Hanfstaengl Franz Seraph#Hankins Abraham P.#Hanks Job#Hansell John#Hansen Armin#Hansen Carel Lodewijk#Happel Friedrich#Harari Hananiah#Harber Elizabeth#Harbeson Benjamin#Harbutt Charles#Hardie Martin#Harding Chester#Harding James Duffield#Harding Samuel#Harding Tim#Hardorff Gerdt the Elder#Hardy Caspar Bernhard#Hardy Heywood#Hare David#Harer Frederick W.#Hargis, née Florence Woodward James H. Mrs.#Haring David#Haring Jared R.#Haring Pottery, Bucks County, Pennsylvania#Harings Matthijs#Harker Taylor & Co., East Liverpool, Ohio#Harlan Ruth#Harley George#Harley Thomas#Harlingue A.#Harlow George Henry#Harnett William Michael#Harold, Inc., Minneapolis#Harp Holly#Harper#Harper Irving#Harper William#Harpff Philipp#Harpignies Henri-Joseph#Harr Lydia#Harris Alex#Harris Hannah#Harris John#Harris Michael D.#Harris Sarah Frances#Harrison Alexander#Harrison Caroline Lavinia Scott#Harrison Catherine Norris#Harrison Lowell Birge#Harrison Rachel#Harrison Sarah#Harrison William I#Harriton David#Harrods, Ltd, London#Harry Allen & Associates, New York#Harry Northwood Company, Wheeling, West Virginia#Hart Martha#Hart William M.#Hart, also known as George Overbury Hart "Pop"#Hartigan Grace#Hartley Amy#Hartley Margaret#Hartley Marsden#Hartman Carl Wilhelm#Hartmann et Fils, Munster, France#Hartmann Johann Joseph#Hartnell Norman#Hartogensis Joseph#Hartung Hans#Hartwagner Michael#Hartwell Kenneth#Harvey Bessie#Harvey Edith#Harvey Eliza#Harvey Filley & Sons, Philadelphia#Harvey John I#Harvey Lewis and Joseph D. Smith, Philadelphia#Harwick Joseph#Harzen George Ernst#Hasegawa Munehiro#Hasegawa Sadanobu I#Hasegawa Sadanobu II#Hasegawa Setsurei#Hasegawa Settan#Haseluyn H.#Hashimoto Gahō#Hashimoto Okiie#Hashimoto Sadahide#Haskell Elizabeth#Haskell Ernest#Hassam Childe#Hasse Ernst#Hasse Julius#Hassenbō#Hastings Thomas Captain#Hatakeyama Kōji#Hatcher Brower#Hattie Carnegie, Inc., New York#Hatting, Meyer and Warne, Philadelphia#Haubenstricker Paul#Hauber Joseph#Haugg Louis#Haughwout and Dailey, New York#Haun August C.#Haunani Lindly#Haupers Clement B.#Hauser Johann#Haussard Jean Baptiste#Hautecoeur Albert#Hautin et Boulenger, Choisy-le-Roi, France#Hautt Nikolaus#Havell Frederick James#Havell William#Havell, Robert Jr.#Havet Mme#Haviland & Co., Limoges, France#Haviland Paul B.#Hawes Elizabeth#Hawken Deirdre#Hawkins#Hawkins Mary#Hawkins William L.#Hawley Margaret Foote#Hawthorne Charles Webster#Hay William H.#Hay, Horsens, Denmark#Hayashi Motoharu#Hayashi Roshū#Hayashi Toshiyuki#Hayashibe Masako#Haydock and Fidler, Philadelphia#Haydock Thomas O.#Hayes Jane#Hayles Jane C.#Haynes F. Jay#Haynes, Dillwyn & Co., Swansea, Glamorgan, Wales#Hayter George Sir#Hayter Stanley William#Ház Nicholas#Hazard James#Hazen Nathan L.#Hazzard Sara#Head John#Heade Martin Johnson#Headman Andrew#Headman Charles#Headman John#Headman Peter#Heal Ambrose Sir#Heal's Fabrics Limited, London#Heald Paul#Heap of Birds Hock E Aye Vi Edgar#Hearne Thomas#Heartte Mary L.#Heath Charles#Heath Dave#Heath Edith Kiertzner#Heath Frederick Augustus#Heath Henry#Heath James#Heath John#Heath Lucy#Heath William#Heatherwick Thomas#Heawood Thomas#Hébert Antoine-Auguste-Ernest#Hecht Guillaume van der#Hecht Wilhelm#Hechter Daniel#Hecke Jan van den#Hecke Peter van den#Heckel Erich#Heckenauer Jacob Wilhelm#Heckman Albert William#Heda Willem Claesz.#Hedlinger Johann Karl#Hédouin Edmond#Hedstrom Ana Lisa#Heem Cornelis de#Heem Jan Davidsz. de#Heemskerck Maarten van#Heenck Jabes#Heer Gerrit Adriaensz. de#Heergeist and Bryan, Philadelphia#Hees Gerrit van#Hees Maria#Hege Walter#Hegi Franz#Heicke Joseph#Heideck Carl Wilhelm von#Heil Leo van#Heimlich Johann Daniel#Hein Franz#Heina#Heinecken Carl Friedrich von#Heinel Johann Philipp#Heino Otto#Heinrichs Joseph#Heintz Art Metal Shop, Buffalo, New York#Heintzelman Arthur William#Heinze Albert#Heinzmann Carl Friedrich#Heisey George D.#Heisler Gregory#Heiss William#Helbig Jules Chrétien Charles Joseph Henry#Helfenbein W.#Helfond Riva#Heliker John Edward#Hélion Jean#Hellebrand Nancy#Helleu Paul César#Hellstern & Sons, Paris#Helman Isidore-Stanislas-Henri#Helmschmid Desiderius#Helmschmid Kolman#Helmschmid Lorenz#Helmsdorf Friedrich#Helst Bartholomeus van der#Helst Lodewyck van der#Helt-Stockade Nicolaes de#Hemeleers-Van Houter, Schaarbeek, Belgium#Hemelrijck Jean Louis (Johannes Lodewijk) van#Hémery Antoine François#Heming Thomas#Hemingway, Philadelphia#Hemmerich Cornelius Heinrich#Hénault Jules#Henderson Alexander#Hendricks L. Barkley#Hendrickson Catharine#Hendschel Albert#Henkels George H.#Hennault Henry#Hennell David#Hennell Robert I#Hennell Robert II#Henner Jean-Jacques#Henning Christian Daniel#Henningsen Poul#Henri Bendel, New York#Henri Florence#Henri Pierre#Henri Robert#Henriquel-Dupont Louis Pierre#Henriquez Benoît Louis#Henry Chawner and John Emes, London#Henry Dreyfuss Associates, New York#Henry Edward Lamson#Henry Hills and John Field, London#Henry Swopes Pottery, Mechanicsburg, Pennsylvania#Henshall and Company, Longport, Staffordshire, England#Hensley Marie#Hentschel William Ernst#Hepworth Barbara#Herbin Auguste#Herbst & Wassall, Newark, New Jersey#Herculaneum Pottery, Liverpool, England#Herdin Carl#Héreau Jules#Herend porcelain factory, Herend, Hungary Fischer Morice#Herinckx F.#Heritage Robert#Herkomer Hubert von#Herman Nancy Clearwater#Herman Pauline#Hermann Georg#Hermann Karl#Hermansader Marcy#Hermès, Paris#Hernández Damián#Hernandez Sebastian#Herold Johann Friedrich#Herr Elizabeth D.#Herrera Carolina#Herrera Fray Miguel de#Herring John Frederick Jr.#Herring Rachel Ann#Hersey Cotton#Hertel Georg Leopold#Hertel J. G. Augsburg I#Hertel Johann George II#Herter Brothers, New York#Hertsens Isabella#Hertz Johann Daniel I#Hervé Henry#Hervier Adolphe#Herzog Harry#Herzog Herman#Heseltine John Postle#Hess Carl#Hess Carl Adolph Heinrich#Hess Carl Ernst Christoph#Hess Eugen#Hess Heinrich Maria von#Hess Ludwig#Hess Peter von#Hesse Alexandre-Jean-Baptiste#Hesse Eva#Hesselius Gustavus#Hesselius John#Hetsch Philipp Friedrich von#Hetzel Margaret#Heuber Hans#Heudelot Jean#Heusch Willem de#Hewelke porcelain factory, Venice#Hewell Grace Nell#Hewell Matthew#Hewes Joel F.#Hewett Elisabeth#Hewitt Mark#Hewitt William K.#Hewson John#Hewson Sarah#Hewson Zibiah Smallwood#Hey Erdmann#Heyd Ludwig Daniel#Heydeck Adolf von#Heyden August Jakob Theodor von#Heyden Jacob van der#Heyden Jan van der#Heyden Pieter van der#Heyer William B.#Heyman Daniel#Heyne Johann Christopher#Heywood Brothers and Company, Gardner, Massachusetts#Hibbart William#Hibino Satoru#Hichozan Seishin#Hickman Pat#Hicks Edward#Hicks Lucy Catherine Zeigler#Hicks Sheila#Hicks, Meigh & Johnson, Stoke-on-Trent, Staffordshire, England#Higby Wayne#Higgins Eugene#Higgins Francis#Higham Thomas#Hiland Margaret#Hildebrandt Eduard#Hildebrandt Theodor#Hildeburn & Bros., Philadelphia#Hildeburn S.#Hilditch & Co., Staffordshire, England#Hiler Hilaire#Hilgers Hans#Hill Ann#Hill David Octavius#Hill Derek#Hill Hugo#Hill John#Hill John William#Hill Julia#Hill Mary#Hill Peter#Hill Polly Knipp#Hillborn Hannah M.#Hillegaert Paulus van I#Hillemacher Frédéric Désiré#Hiller Joseph Sr.#Hillers John K.#Hilliard David#Hills David#Hills Laura Coombs#Hills Robert#Hillsmith Fannie#Hilton Jane#Hinchman Margaretta S.#Hinds Jane#Hine Lewis W.#Hine Taizan#Hinman Charles#Hinshelwood Robert#Hirano Gogaku#Hiratsuka Un'ichi#Hironobu I#Hirose Chikuseki#Hirsch Joseph#Hirschhorn Thomas#Hirschvogel Augustin#Hirst Claude Raguet#Hirt Michael Conrad#Hishikawa Kiyoharu#Hishikawa Moronobu#Hishikawa Sōri#Histand Susana#Hoadley Thomas A.#Hoare (called Hoare of Bath) William#Höbaitei#Hoban Tana#Hobart Deborah Jane#Hobart Elijah#Hobbema Meindert#Hobbs Morris Henry#Hobbs, Brockunier and Company, Wheeling, West Virginia#Hobday Stephen#Hobensack Ann C.#Hoch Franz Xaver#Hoch Georg Friedrich#Hoch Leni#Höchst porcelain factory, Höchst, Germany#Hock Rick McKee#Hockly Daniel#Hodge G. Howard#Hodges Dale#Hodges Jim#Hodges William#Hoeber Ditta Baron#Hoecke Robert van den#Hoeckner Carl#Hoef Christiaan Johannes van der#Hoermann von Gutenberg Christoph Friedrich#Hoet Gerard the Elder#Hoevenaar Jozef#Hoevenaar Willem Pieter#Hoey Nicolas de IV#Höfer Candida#Hofer Karl#Hoff Carl#Hoff John#Hoffer, France#Höffert W.#Hoffman Christian Frederick#Hoffman Irwin David#Hoffmann August#Hoffmann Josef#Hoffmann Joseph#Hoffmann W.#Hofkunst Alfred#Hofman Elisbth (sic)#Hofmann Elvina#Hofmann Hans#Hogarth William#Höger Joseph#Hogue Alexandre#Hoguet Charles#Hohenstein Adolf#Hohneck Adolf#Hoin Claude-Jean-Baptiste#Hoit Thomas W.#Hokanson Lars#Hokaut Anna#Hoke Martin#Hokuchō#Hokugaku#Hokugan#Holbein Hans the Younger#Holbein von Holbeinsberg Therese#Holdermann Georg#Holdermann Karl Wilhelm#Holdon Company, Philadelphia#Holdsworth Mary#Holitsch faience factory, Hungary#Holl Benjamin#Holl Peter III#Holl William II#Holland James#Holland John#Holland Thomas II#Hollar Wenceslaus#Holley Lonnie#Holliday Jane#Hollingshead William#Hollinshed Charles#Hollis J.#Holloway Thomas#Holm Carl#Holm Christian#Holme Lucy D.#Holmes Elizabeth#Holmes Frank G.#Holroyd G.#Holsenbeck Bryant#Holt William M.#Holton Curlee Raven#Holton George E.#Holtzmann Carl Friedrich#Holzer Jenny#Holzer Johann Evangelist#Holzman#Holzwurm Urban#Hom Mei-ling#Homer Michael#Homer Winslow#Hon'ami Kōetsu#Honda Syōryū#Hondecoeter Melchior de#Hondius Abraham#Hondius Hendrick I#Hondius Hendrik II#Hondius Willem#Hondt Philippe de#Honesdale Decorating Company, Honesdale, Pennsylvania#Hong Hao#Hong Joseph#Honickman Lynne#Honma Hideaki#Honoré Savy's faience factory, Marseille, France Savy Honoré#Honsing Shoes#Hooch Pieter de#Hoogers Hendrik#Hooghe Romeyn de#Hoogstraten Samuel van#Hooper Chip#Hoove Frederik Hendrik van den#Hope Thomas#Hopea-Untracht Saara#Hopf Ernest#Hopfer C.B. so called#Hopfer Daniel#Hopfer Hieronymus#Hopfer Lambert#Hopkins Budd#Hopkins Milton William#Hopkinton Priscilla Pratt Murray#Hopper Edward#Hopper Samuel M.#Hoppner John#Hopwood James II#Horacek Rudolf#Horenstein Henry#Horn Roni#Horner Ann#Horny Conrad#Horo#Horran C.#Horsley John Callcott#Horst Horst P.#Horstmann#Horter Earl#Horthemels Frédéric#Horthemels Marie Anne Hyacinthe#Horvath Jon#Horwood Mary#Hosemann Theodor#Hoskins John#Hosoda Eishō, called Chōkōsai#Hosoda Eisui, called Ichirakutei#Hostein Édouard Jean Marie#Houbraken Jakob#Houckgeest Andreas Everardus van Braam#Houdon Jean-Antoine#Hougham Solomon#Houghton Arthur Boyd#House of Customcraft#House of Worth#Houser Jim#Houston James Archibold#Houston Richard#Hove Hubertus van#Hovenden Thomas#Howard & Morse, New York#Howard A.#Howard Eloise#Howard Humbert#Howard Louisa#Howden Francis#Howell James#Howell Leroy#Howen Otto de#Howie Helga#Howitt Samuel#Howland Samuel#Howlett Bartholomew#Hoyningen-Heune George#Hricko Richard#Hu Zhengyan#Hua Guan#Huan Zhang#Huang Arlan#Huang Ding#Huang Gongwang#Huang Quan#Huang Shen#Huarte Josephus Arias#Huband Wilcocks#Hubard William James#Hubbard John#Hubbs Dorothy#Hubener Abraham#Hübener Georg#Huber#Huber ? F.#Huber Jakob Wilhelm#Huber Johann Daniel#Huber Joseph Ignaz#Huber Wolf#Hubert François#Hubert Jean Baptiste Louis#Hübner Bartholomäus#Hübner Julius#Hübner Susanna#Huchtenburg Jan van#Huck Johann Gerhard#Hudson Elizabeth#Hue Charles#Huerta Maria del Carmen#Huet Jean-Baptiste Marie#Huet Paul#Huffman Charles#Hughes Ed#Hughes Edward Robert#Hughes Robert Ball#Hughes Thomas#Hugnet Georges#Hugo Boss, Germany#Hugo Émile#Hugo Valentine#Huguet Pierre#Hujar Peter#Hulbeart Philip#Hulitar Philip#Hulk Abraham Jacobsz.#Hull Ann#Hullond Paul#Hulmer#Hulsberg Henry#Hume Abraham Sir#Hume Gary#Hummel Carl Maria#Hummel Johann Erdmann#Humphrey Furman#Humphrey Margaret A.#Humphrey Margo#Humphrey Nene#Humphrey Ozias#Humphrey Ralph#Humphreys Jane#Humphreys Richard#Humphrys William#Hunt Richard Howard#Hunt William Henry#Hunt William Holman#Hunt William Morris#Hunter Clementine#Hunter William#Huntington Pottery, Long Island, New York#Huntley Victoria#Huntoon Mary#Huquier Gabriel#Hurd Jacob#Huret Grégoire#Hurley Edward Timothy#Hürlimann Johann#Hurwitz Leo#Hüssener Auguste#Hussenot Joseph#Huston William#Hutchinson Jane#Hutchinson Peter#Hutchinson Samuel#Hutin Charles François#Hutin François#Hutin Jean Baptiste#Hutin Pierre#Hutton John Strangeways#Hutton Samuel#Hutty Alfred#Huygens Frederik Lodewijk#Huys Frans#Huys Pieter#Hyakusetsu Genyō#Hyams Hyam#Hyder Frank#Hyrtl Jacob#Hyzer & Lewellen, Philadelphia#Høyer Cornelius