I. Lewis, Philadelphia#I. Miller, American#I. Seymour, Troy, New York#Ibbetson Julius Caesar#Ibels Henri-Gabriel#IBM Corporation, Armonk, New York#Ichieisai Yoshitsuya#Ichikawa Kiyū#Ichiyōtei Yoshitaki#Igarashi Takenobu#Ignatii Sazikov, St. Petersburg#Igonnet Marie Madeleine#Iichi-issai#Iijima Kōga#Ike Taiga#Ikeda Masuo#Ikeda Yoko#Ikin C.#Ikkyosai Tsuyanaga#Iliff, also known as Cynthia Iliff Koehler Cynthia W.#Illman Thomas#Imagerie Pellerin, Épinal, France#Imagerie Réunies de Jarville, Nancy, France#Imhof Christian Friedrich von#Immendorff Jorge#Immenraet Jan Carel#Immerzeel Christian#Imp Originals Inc.#Imperial Palace#Imperial Porcelain Factory, Saint Petersburg, Russia#Imperiale Gerolamo#Inabe Cloisonné Factory, Kyoto, Japan#Independent Order of Odd Fellows#Indiana Robert#Indoni Filippo#Ingber, Inc.#Ingen Hendrik van#Ingouf François Robert#Ingouf Pierre Charles#Ingram Judith#Ingres Jean-Auguste-Dominique#Inman Henry#Inman Martha#Innes Callum#Innes William T.#Inness George#Innocenti Camillo#Inoue Yasuji (also known as Yasujirō)#International Industrial Design, Tokyo#International News Photos#Introini Vittorio#Ippitsusai Bunchō#Ipsen Kent#Ireland Samuel#Irene#Irene of New York#Irene, Paris#Irish Jane#Irminger Johann Jacob#Irwin and White, Philadelphia#Irwin Robert#Isaac Jasper de#Isaac Reed & Son, Philadelphia#Isaac Stauffer and Jacob Harley#Isabella Glass Works, New Brooklyn, New Jersey#Isabelle Allard, Paris#Isabey Jean Baptiste#Isabey Louis-Gabriel-Eugène#Isac Antonio#Isaia da Pisa#Isenbrant Adriaen#Isenthal Johanna#Ishida#Ishikawa Toyonobu#Ishimoto Fujiwo#Isoda Koryūsai#Isola Maija#Israëls Jozef#Issan#Isselburg Peter#Itami Michi#Itaya Kōji#Itō Jakuchū#Ito Kei#Itter Diane#Ittōsai Masunobu#Iturbide Graciela Ms.#Ive Jonathan#Ivey Harold D.#Iwabuchi Mari#Iwami Reika#Iwanowitsch (called Kalmück) Feodor#Iwata Shūkō#Izquierdo María#Izumi Shigeru