J & L Lobmeyr, Vienna, Austria#J. & G. Meakin, Hanley, Staffordshire, England Meakin#J. & J. Jackson, Burslem, Staffordshire, England Jackson#J. & J. Slater, Broadway, New York#J. A. Endter, Nuremberg, Germany#J. A. Whaley Co., New York#J. Ansley, Longton, Staffordshire, England Aynsley John#J. Austin, Boston#J. B. Caire & Company, Poughkeepsie, New York#J. C. Bennett and Bernard#J. Choo Limited, England#J. E. Caldwell & Co., Philadelphia#J. J. White Manufacturing Company,  Providence, Rhode Island#J. L. Borsch & Co. Opticians#J. L. Rue Pottery Company, Matawan, New Jersey#J. M. Fisher Co., Attleboro, Massachusetts#J. P. Meillier et Cie, Beautiran, France#J. R. Wendt & Co.#J. Rothchild & Co., Philadelphia#J. Rothschild, Paris, Philadelphia, New York#J. Shepard and Company, Zanesville, Ohio#Jablow Original#Jack George Washington#Jack Lenor Larsen, Inc., New York#Jackman William G.#Jackson Alzie#Jackson Daniel#Jackson John Baptist#Jackson Mary#Jackson Mary A.#Jackson Phebe#Jackson Ward#Jackson William Henry#Jacob Georges#Jacob Louis#Jacob Max#Jacob Reed's Sons, Philadelphia#Jacobé Johann#Jacobi Lotte#Jacobi Otto Reinhold#Jacoboni Giovanni Battista#Jacobs Abraham#Jacobs Marc#Jacobsen Arne#Jacobus P. J.#Jacobz Abraham#Jacometto Veneziano#Jacomo#Jacopino del Conte#Jacopo di Cione#Jacottet Louis Julien#Jacovleff Alexander#Jacqmar, England#Jacque Charles-Émile#Jacque Léon#Jacquemart Jules#Jacques de Mainville, Orleans, France#Jacquet Achille#Jacquet Jules#Jacquette Yvonne#Jaffé Michelle#Jagemann G.#Jäger Gustav Maria#Jahn Roland#Jakil#James A. Sterling Paper Fashions, New York#James Charles#James Christopher#James Dixon & Son, Sheffield, England#James G. Johnson & Co., Newark, NJ#James Heddon's Sons Co.#James Leslie#James Morgan & Company, Cheesequake, New Jersey#James Neale and Company, Hanley, Staffordshire, England Neale Ja#James Willis-Ladies Fancy Shoe Store#Jameson Anna Brownell#Jane Mason Outfitters#Janentzky & Co., Philadelphia#Janet François#Janinet Jean François#Jank Christian#Janner Augie#Janner Hans Sr.#Janschka Fritz#Jansen Catherine#Jansen Heinrich#Janson Johannes#Janson Johannes Christianus#Janssen Tamme Weyerd Theodor#Janssens Victor#Janvier Mary F.#Jarden Brothers, Philadelphia#Jardinier Claude Donat#Jarrell Wadsworth#Jarvis John Wesley#Jas. Howden and Company#Jaspers Jan Baptist#Jaulmes Gustave Louis#Javens Kate#Jawer Rinagai Stanley#Jawlensky Alexey von#Jax#Jazet Paul#Jean Colombier, Paris#Jean Dessés, Paris#Jean Paul Gaultier Homme#Jean Paul Gaultier Maille Classique, Paris#Jean Paul Knott, Brussels#Jean Philip#Jeanne Lanvin, Paris#Jeanneret Charles#Jeanneret Pierre#Jeanselme Joseph-Pierre-François#Jeaurat Edme#Jeavons Thomas#Jeckel Bernhard Maria#Jefferys (or Jeffreys) Thomas#Jeffords#Jeffrey and Company, London#Jegher Christoffel#Jehu & William L. Ward, Philadelphia#Jenet Johann#Jenichen Balthasar#Jenkin Philadelphia#Jenkins Frank Lynn#Jenkins John#Jenkins Paul#Jenkins Salome#Jenkins Thomas#Jennens and Bettridge, Birmingham, England#Jennewein Carl Paul#Jenney Neil#Jensen Georg#Jensen Jacob#Jensen Søren Georg#Jentzen Friedrich#Jepson Ann#Jerro, New York#Jesi Samuele#Jess (Jess Collins)#Jha Nitya N.#Jiang Tingxi#Jihei Sugimura#Jin Jie#Jirik Tony#Jitokusai#Jitrois Jean-Claude#Joan and David#JOB (pseudonym for Jacques Onfroy de Breville)#Job Rachel#Jode Arnold de#Jode Gerard de#Jode Pieter de I#Jode Pieter de II#Jodice Mimmo#Joel Bodine and Sons, Bridgetown, New Jersey#Joest Jan#Joffray#Johannot Alfred#Johannot Tony#Johansen Viggo#John Allen IV and Joshua Butler I, England (active London)#John and Henry Lias#John and William Ridgway, Hanley, England#John Augustin#John Augustus#John B. Stetson Co., founded in Philadelphia#John Bartlam Factory, Cain Hoy, South Carolina#John Clarke Jr. & Co, Glasgow#John Crouch I and Thomas Hannam#John Friedrich#John Hamilton, Philadelphia#John Hillard and John Thomason, England (active Birmingham)#John Kuhn, Philadelphia#John Lawrence & Co., England (active Birmingham)#John Lias, Henry Lias and Charles Lias#John Marshall & Sons, Manchester, England#John Mr.#John N. Ladies Fashionable Foot and Shoemaker, Philadelphia#John Redfern & Sons, Paris#John Ritter and Company, Reading, Pennsylvania#John Robinson and Son, Pittsburgh#John Rogers and Sons, Burslem, England#John Spiegel Pottery, Philadelphia#John T. Van Sant & Company, Philadelphia#John Taylor and John Perry, English (active Birmingham)#John Thropp & Thomas Taylor, England (active Birmingham)#John Wakelin and William Taylor, England (active London)#John Wanamaker Company, Philadelphia and New York#John Wanamaker Modes, Philadelphia, New York#John Winter & Company, England (active Sheffield)#John Younge & Co., England (active Sheffield)#John-Frederics, Inc., New York#John-Frederics, Inc., New York#Johnes Deborah Phillips#Johns Jasper#Johnson#Johnson Carmen Cartiness#Johnson Eastman#Johnson Elizabeth R.#Johnson George#Johnson Herbert#Johnson Jeanne Payne#Johnson Joseph#Johnson Joshua#Johnson Lois M.#Johnson Louisa#Johnson Mary#Johnson Matthew#Johnson Ray#Johnson Thomas#Johnson William#Johnson William Henry#Johnson-Allen Martina#Johnston & Hoffman#Johnston Brookes and Company, London#Johnston Frances Benjamin#Johnston Randy#Johnston Thomas#Jolivard André#Jolivard Charles#Jollivet Pierre Jules#Jolly Gaston#Joly Alexis Victor#Joly J.N.#Jonas Lucien-Hector#Jonckheer Jacob de#Jones Benjamin#Jones Brian H.#Jones Frank#Jones Isaac#Jones Jane#Jones Joseph John#Jones Josiah#Jones Lawrence#Jones Mary#Jones Mary A.#Jones Robert#Jones Robert Edmond#Jones S. L.#Jones Stephen#Jones T. H.#Jones Thomas#Jones Thomas Howell#Jongerius Hella#Jongh Johannes de#Jonghe Clement de#Jonghe Jan Baptiste de#Jongkind Johan Barthold#Jongman Dirk#Jonkman Wouter#Jonnard Paul#Jónsson Einar#Jonxis Pieter Hendrik#Jordaens Jacob#Jordan E.#Jordan John#Jordan Mary#Jordan Rudolph#Jorden Henry#Joris Victor#Joseph and Nathaniel Richardson#Joseph Dufour et Cie, Paris#Joseph Edward#Joseph G. Darlington and Co., Philadelphia#Joseph Heath & Co., Tunstall, Staffordshire, England Heath Josep#Joseph Horne Company, Pittsburgh, PA#Joseph II and Albert Savory, England (active London)#Joseph Robert's pottery & porcelain factory, Marseille, France R#Joseph's, New York#Joshū#Josi Christian#Josimovich George#Jouanin Auguste Adrien#Joubert Jean Ferdinand#Jouin Patrick#Joullain François#Jourd'heuil#Jouvin & Co.#JPG Jeans#Juan de Juanes (Juan Vincente Masip the Younger)#Juárez Juan Rodríguez#Jucker-petitpierre, Zurich#Juda Hans#Judd Donald#Judge Mary#Judkins Eliza F#Jūgansai Shigehiro#Jugiez Martin#Juglaris Tommaso (or Thomas)#Jugtown Pottery, Seagrove, North Carolina#Jugyōdō Umekuni#Juhl Finn#Jukōdō Yoshikuni#Jules#Jules Mervin#Julian Shirley (Staschen)#Julianneau#Julien Bernard Romain#Julien Isaac#Julien Simon#Julius Garfinckel & Co.#Jumeau Company, France#Jung Dora#Junger Hermann#Jungwierth Franz Xavier Andreas#Jurado Juan José#Juster Joseph#Juszcyk James#Juvara Tommaso Aloisio#Juvenaux, France