K. Hattori and Company, Tokyo#K.A. & Co.#Kaburagi Kiyokata#Kadō?#Kaenler Adalbert#Kagan Richard#Kagy Sheffield Harold#Kahlo Guillermo#Kahn Louis I.#Kahn Max#Kahn Nicholas#Kahng Gemma#Kairakuyen Potteries, Japan#Kairer Margaret G.#Kaiser Friedrich#Kaiser Johann Wilhelm#Kajita Hanko#Kaku Itto#Kakujo#Kalf Willem#Kalinowski Horst#Kalish Harry#Kalo Shop, Chicago#Kamada Koji#Kamali Norma#Kamerer Martin#Kamihira Ben#Kamisaka Sekka#Kamlander Franz#Kammerer, Philadelphia#Kamu?#Kanaga Consuelo#Kandinsky Vasily#Kandle Eliza M.#Kandler Frederick#Kändler Johann Joachim#Kaneko Hiroyo#Kaneko Jun#Kaneko Shuya#Kang Oong-ki#Kangyoku#Kano  Tōun Masunobu#Kano Hōgai#Kano Isen’in Naganobu#Kano Motonobu#Kano Naonobu#Kano School#Kano Tomonobu#Kano Tsunenobu#Kansui(?)#Kantor Morris#Kanzan#Kapitzki Herbert W.#Kaplan Ben#Kaplan F. W.#Kaplan Jerome#Kapoor Anish#Kappel Philip#Kappes Karl#Karan Donna#Karasz Ilonka#Karfiol Bernard#Karnes Karen#Karp Leon#Karsh Yousuf#Kasahara Yukiko#Kasamatsu Shirō#Käsebier Gertrude#Kashō#Kataoka Ikkō#Katchadourian Sarkis#Katchian Sonia#Kate Johan Mari Henri ten#Katō Gosuke IV#Katsukawa Shun'ei#Katsukawa Shunchō#Katsukawa Shunkō#Katsukawa Shunsen#Katsukawa Shunshō#Katsukawa Shuntei#Katsukawa Shunzan#Katsumi Kako#Katsushika Hokusai#Katsushika Hokuyō#Katsushika Oi#Katsushika Taito II#Katsuzen Dōwa#Katz Alex#Katzman Herbert#Kauffer Edward McKnight#Kauffman Angelica#Kauffmann Hermann the Elder#Kauffmann Hugo#Kaufman John#Kauke Friedrich Johann#Kautsch Heinrich#Kawai Kanjirö#Kawakami Kyoichiro#Kawakubo Rei#Kawanabe Kyōsai (or Gyōsai)#Kawanabe Kyōsai (or Gyōsai)#Kawanishi Hide#Kawara On#Kawasaki Kazuo#Kawase Hasui#Kawase Shinobu#Kay Esther B.#Kay Fuchs#Kay John#Kayser#Kayser Engelbert#Kcho (Alexis Leyva Machado)#Kearney William Henry#Keating Michael#Keeler Walter#Keene (Marlboro Street) Glass Works, Keene, New Hampshire#Keene Charles Samuel#Keene Paul F. Jr.#Kega Bantai#Keida Masataro#Keiley Joseph T.#Keipp Mary Morgan#Keisai Eisen#Keiser Georg#Keison#Keïta Seydou#Keith Elizabeth#Kelian Stephane#Kellen David van der II#Kellen David van der III#Kellen Jan van der#Keller B.#Keller Franz#Keller Georg#Keller Heinrich#Keller Joseph von#Kellerhoven Moritz#Kellogg Daniel Wright#Kelly Ellsworth#Kelly Kitty#Kelly Leon#Kelly Patrick#Kelson James R.#Kelton Hannah#Kemper Rachael#Kendall James#Kendall William Sergeant#Keneth Hopkins Original#Kenko Shokei#Kenmochi Design Associates#Kenna Michael#Kennedy David Johnston#Kent Rockwell#Kent Ron#Kentridge William#Kentucky Glass Works, Louisville, Kentucky#Kenzo#Kenzo Takada#Keppler Joseph#Ker Charles Henry Bellenden#Kernbeis Franz#Kernot James Harfield#Kerrigan Maurie#Kershaw Sarah#Kertész André#Kerwin Mary Catherine#Kessel Jan van III#Kessel Theodor van#Kessell Mark#Kessler Michael#Kestner Hermann von#Ketchum Robert Glenn#Ketterer John#Ketterlinus Christian Wilhelm#Key Adriaen Thomasz.#Key Willem#Keyl Friedrich Wilhelm#Keyl Michael#Keys & Lockwood, New York#Keyser Mildred Weekes Davis#Keyser Robert#Keyser Thomas de#Keystone View Company, Meadville, Pennsylvania#Khushala#Kidder Eli Brother#Kidder John#Kiefer Anselm#Kiesler Frederick#Kiesler Steffi#Kikai Hiroh#Kiken#Kikoku#Kikugawa Eishin#Kikugawa Eizan#Kikugawa Senchō#Kikusho#Kilian Bartholomaeus II#Kilian Georg Christoph#Kilian Jeremias I#Kilian Lucas#Kilian Philip#Kilian Philipp Andreas#Kilian Wolfgang#Kilimnik Karen#Kim Eugenia#Kim Eung-won#Kim Haeja#Kim Hyeon-hui#Kim Hyung Joo#Kim Jin-Woo#Kim Sang Ku#Kim Tǔksin (Deuk-shin)#Kim Yang-dong#Kim Yikyung#Kimball Caroline#Kimball Justin#Kimball Maria W.#Kimball, New York#Kimberly Knitwear, Inc.#Kimpōdō#Kimura Ritsugaku#Kimura Yoshiro#Kin'an#King Abstainando#King David#King James S.#King Jeremiah#King Martha Y.#King Richard Jr.#King, Son & Co., Pittsburgh#Kingsbury Henry#Kington L. Brent#Kinko#Kinkozan#Kinkozan Sobei VI#Kinman William#Kinney Troy#Kinoshita Tomio#Kinsella Emma Jane#Kinsman Rodney#Kiplinger Henry#Kirby Martha#Kirby Ralph Smith#Kirchner Albert Emil#Kirchner Ernst Ludwig#Kirchner Eugen#Kirchner Johann Jakob#Kirk Samuel#Kirkbride Elizabeth#Kirkwood James#Kirsch Dwight#Kirschner Friedrich#Kishi Chikudō#Kishi Eiko#Kisling Gottlieb#Kisling Moïse#Kita Toshiyuki#Kitagawa Kikumaro#Kitagawa Sōsetsu#Kitagawa Tamiji#Kitagawa Utamaro I#Kitagawa Utamaro II#Kitaj Ronald Brooks#Kitao Masanobu#Kitao Masayoshi#Kitao Sekkosai#Kitao Shigemasa#Kitaōji Rosanjin#Kitchin Thomas#Kiyohara Yukinobu#Kiyomizu Rokube II#Kiyomizu Rokubei V#Kiyooki#Kiyosada#Klary#Klass Friedrich Christian#Klauber Ignaz Sebastian#Klauber Joseph Sebastian#Klauder and Deginther, Philadelphia#Klaus Johannes#Klawans Alan Jerome#Klee Paul#Klees Fredric Spang#Klein Alice H.#Klein Anne#Klein Calvin#Klein Johann Adam#Klein William#Klein Yves#Kleinbard Alexa#Kleinhempel Friedrich Erich#Klengel Johann Christian#Klett Stephan#Klich Kent#Kline Franz#Kline Michael#Kline Phillip#Klinger Max#Klinker Christian#Klinkhamer Hendrik Abraham#Kloss Gene#Kloss John#Klotz Ernst#Kluck Eleanor McMaster#Kluck Henry#Kluge Moritz Erwin#Knauss Lewis#Kneller Godfrey Sir#Knemochi Isamu#Knibb Joseph#Knight John Prescott#Knight Laura Dame#Knight Maria#Knight Mary Catherine#Knight T. W.#Knight William II#Knijff Wouter#Knippenberg F.#Knoll Florence#Knolle Friedrich#Knorr and Tyroff#Knorr Georg Wolfgang#Knowles Elizabeth A. McGillivray#Knowles, Taylor and Knowles Company, East Liverpool, Ohio#Knox Archibald#Knox, New York#Knudsen Knud#Ko Ryuko#Kobashi Yasuhide#Kobayashi Ikuhide#Kobayashi Kiyochika#Kobayashi Masakazu#Kobell Ferdinand#Kobell Franz Innocenz Josef#Kobell Hendrik#Kobell Johannes Baptista#Kobell Wilhelm von#Koch Gabriele#Koch Johann Carl#Koch Joseph Anton#Koda Yatsushiro#Koehler Michael M.#Kōei#Koekkoek Willem#Koester Joachim#Kogan Moise (Moshe)#Kogoj Oskar#Koh Jinyoung#Kohl Clemens#Kohlschein Joseph I#Kohn Jeanette#Kohn Misch#Kōho#Kohyama Yasuhisa#KOIL#Kōjo#Kok J. Juriaan#Koken Edmund#Kokutaku#Kokyoku#Kolb Andreas#Kolbe Carl Wilhelm the Elder#Kolbe Georg#Kölbl Anton#Koller (blacksmith) Lamprecht#Koller Rudolf#Kollner Augustus#Kollwitz Käthe#Koma Koryū#Komai Yoshinobu#Komar Vitaly#Komplot Design#Konden#König Anton Friedrich#Konig Esther#König Friedrich#König J. C.#König Niklaus#Koninck Jacob#Koninck Philips#Koninck Salomon#Koning Cornelis#Koninklijke Makkumer Aardewerk (Tichelaars Royal Eart#Konishi Hirosada (also called Gosōtei Hirosada)#Kono S.#Konolyi Manya#Koo Bohnchang#Koopman Rena#Kopman Benjamin D.#Kōransha, Arita, Japan#Korei#Koret#Koret/Nan Duskin#Kormelink Marie-Louise Groot#Kornilow Brothers, Saint Petersburg#Körnlein Johannes#Kors Michael#Kōsai#Kōsen Shōton#Koshimaru#Koshino Hiroko#Koshino Junko#Kōshū#Kosofsky Isadora#Koson#Kosta glass factory, Kosta, Sweden#Kosuge Hōunsai Kōgetsu#Kota Master#Kotsch Theodor#Kōu#Koudelka Josef#Kouznetsoff M. C.#Koyama Fujio#Kozan#Krafft Jan Lauwryn#Krafft Johann August#Krägen Georg Carl#Kramar Margaret#Krammer Franz#Kramp Louis Josef#Krasner Lee#Kraus August#Krause George#Krauss Johann Ulrich#Krausse Alfred#Kräutle Karl August#Krebs Friedrich#Kremegne Pinchus#Kremer Romain#Kremos#Krenchel Herbert#Krenov James#Krentzin Earl#Kretzschmar Eduard#Kretzschmer Johann Hermann#Krider Peter#Kriebel Elisabet#Kriebel Maria#Krimmel John Lewis#Krisel Harold#Krizia#Kroll Leon#Krug Ludwig#Krüger Andreas Ludwig#Kruger Barbara#Krüger Carl#Krüger D.#Krüger Ephraim Gottlieb#Krüger Ferdinand Anton#Krüger Johann Conrad#Kruseman Cornelis#Krushenick Nicholas#Krøyer Peter Severin#Kuan Huai#Kubel Adele Ms.#Kubinyi Kálmán#Kubo Shunman#Kuchenreuter Johann Christoph#Kucher Jacob#Küchler Carl Gotthelf#Küchler Conrad Heinrich#Kuehl Gotthardt#Kügelgen Gerhard von#Kühn Heinrich#Kuhn Katherine#Kühn Ludwig#Kuhn Walt#Kühnel Christian Friedrich#Kuhnen Johannes#Kuhnen Pieter Lodewyck#Kühner Th.#Kulicke Robert#Kumari Gita#Kun Neila#Kun'en#Kunio Watanabe#Kuniomi#Kunishige#Kunitaka Suifutei#Kuniyoshi Yasuo#Kunst Carl#Kunstaardewerkfabriek K.J. Mobach, Utrecht, Netherlands#Kuntz Carl#Kunzli Otto#Kuperberg Anna#Kupferman Lawrence E.#Kupka František#Kurimoto Natsuki#Kurlbaum and Schwartz, Philadelphia#Kurokawa Masayuki#Kurševa Maija#Kurtz Elaine#Kurtz William#Kurzman, Fifth Ave. New York#Kusakabe Kimbei#Kusakabe Meikaku#Küsel (or Cristiana Küslin) Johanna Christina#Küsel (or Krausin) Johanna Sibylla#Küsel Matthäus#Küsel Melchior#Kuss Frank#Kutani Shoza#Kütner Samuel Gottlob#Kuwayama Gyokushū#Kuyck Louis van#Kuytenbrouwer Martinus Antonius II#Kuyū#Kwak Hoon#Kyhn Wilhelm#Kyokuhō#Kyosen