L'Admiral Johannes#l'Etoile Filante, Paris#L'homme bis, Paris, France#L. & C. Hardtmuth, Austria#L. B. Beerbower, Elizabeth, New Jersey#L. J.#L. J. Maës, Clichy-la-Garenne, France#L. P. Hollander & Co., New York#L. S. Donalson Co., Minneapolis#L.M. Ericsson Company, Bromma, Sweden#L.P. Hollander & Co., New York#L.S. Donaldson Co., Minneapolis#La Belle Glass Company, Bridgeport, Ohio#La Belle, Philadelphia#La Collombe de#La Courtille porcelain factory, Paris#La Croix Anne de#La Croix Ursule de#La Farge John#La Fargue Maria#La Fresnaye Roger de#La Galerie Antoinette#La Haye Charles de#La Haye Marin de#La Hyre Laurent de#La Industrial Albaniquera, Havana#La Mairat#La Mare-Richart Florent de#La Mode, Dallas#La More Chet#la Nézière Raymond de#La Pierre Manufacturing Company, New York#La Reine, Paris#La Rive (or Larive-Godefroy) Pierre Louis de#La Rose des Vents, St. Paul de Vence, France#La Rue Louis Félix de#La Vallée Simon de#La Veuve Perrin's faience factory, Marseille, France Perrin Pier#La Vieuville Chevalier de#Laan Adriaen van der#Labarta y Granés Luis#Labino Dominick#Labruzzi Carlo#Lachaise Gaston#Lachenal Edmond#Lachenal Raoul#Lacker (pseudonym for René Lackerbauer) René#Lackner, Kitzbühel#Lacktman Michael#Lacour le jeune Pierre#Ladenspelder Johann#Ladies of the Second Presbyterian Church, Philadelphia#Ladies of the Third Presbyterian Church, Philadelphia#Ladomus Lewis#Ladrey Ernest#Ladyman John#Laer Pieter Jacobsz. van#Laessle Paul#Lafay#Lafond Daniel#Laforme Vincent#Lafosse Adolphe#Lagarde Pierre#Lagarto Andrés#Lagerfeld Karl#Lagrenée Jean-Jacques II#Laguillermie#Laguillermie Frédéric Auguste#Laigniel Nicolas#Laird, Schober & Co. Philadelphia#Lairesse Gerard de#Laïs#Lake Dunmore Glass Company, Salisbury, Vermont#Laky Gyöngy#Lal Janak#Lal Mohan#Lalanne Claude#Lalanne Maxime#Lalauze Adolphe#Lalbiakimi T.#Lalique René#Lam Ciin#Lam Izabel#Lam Wifredo#Lama Chinia#Lamaire Benjamin#Lamb Mary#Lambdin George Cochran#Lambert Amelie#Lambert Louis-Eugène#Lambert Peter#Lambeth High Street pottery, London#Lamerie Paul de#Lameyer y Berenguer Francisco#Lamis Leroy#Lämmel M#Lamorinière François#Lampfert John#Lamsvelt Joannes#Lamsweerde Steven van#Lana Lodovico#Lana of London#Lancaster Ann#Lancaster Glass Works, Lancaster, New York#Lançon Auguste André#Landacre Paul#Landau Jacob#Landberg Nils#Landeck Armin#Landerer Ferdinand#Landes John#Landier et Fils, Sèvres, France#Landis Richard#Landis Susana#Landon Edward#Landon Orpha#Landreth Eliza Graff#Landrin Henri Charles#Landry Pierre#Landseer Edwin Sir#Lane Fitz Henry#Lane John#Lanfranco Giovanni#Lang Helmut#Lange Dorothea#Lange Johannes Philippus#Langendyck Dirk#Langenheim William#Langenhöffel Johann Joseph#Langer Johann Peter#Langer Josepha#Langer Robert von#Langer Theodor#Langetti Giovanni Battista#Langhein Carl#Langhill & Darling#Langlands & Robertson, Newcastle, England#Langlands John II#Langlois Jean#Langlois Pierre Gabriel#Langot François#Lankes Julius J.#Lanooy Christiaan Johannes#Lansing Jacob Gerritse II#Lansner Fay#Lanvin Jeanne#Lanvin, Paris#Lanz Johann Wilhelm#LaPelle Rodger#Lapham Susan Stephens#Lapi Angelo Emilio#Lapi Giovanni Battista#Laplante A. de#Laporte John#Lapp Henry L.#Lapp Jan Willemsz.#Larche Marguerite#Larcher Antoinette#Larimore Jack#Larionov Mikhail#Larmessin Nicolas de II#Larmessin Nicolas de IV#Laroche Guy#Larsen and Darani Lewers Helge#Larsen Bror#Larsen Emil#Larsen Jack Lenor#Larson William#Larue André-Léon#Larue Martha#Lasansky Mauricio#Lasdon, New York and Paris#Lasellaz#Lasinio Carlo#Lasinio Giovanni Paolo#Lasne Michel#Lassaw Ibram#Lastman Nicolas#Lastman Pieter Pietersz.#Lasuchin Michael#Lasuchin Victor#László Philip A. de#Latham Barbara#Latham Richard#Lathrop Dorothy Pulis#Lathrop William Langson#Latour Alfred#Latrobe Benjamin Henry#Latrobe John H. B.#Laudin family#Laudin Jacques I#Laudin Nicolas I#Laufberger Ferdinand#Laug André#Laughlin Clarence John#Laugier Jean Nicolas#Launay Nicolas de#Launay Robert de#Launey Alfred Alexandre de#Lauren Ralph#Laurence Frederick Sturgis#Laurence Samuel#Laurencin Marie#Laurens Jean-Paul#Laurens Jules#Laurens Paul Albert#Laurens Pauline#Laurent Henri#Laurent John#Laurent Pierre#Laurent Robert#Laurent Yves Saint#Laurentz Johann Daniel the Elder#Laurenzi Cesare#Lauro Agostino#Lauro Giacomo#Lauster Darryl#Lautensack Hans#Lauters Paulus#Lauwers Conrad#Lauwers Nicolaes#Lavabre Cadet#Lavaerts Adolphe#Lavalé Jacques#Lavallée-Poussin Étienne de#Lavenson Alma R.#Laver Benjamin#Laver William#LaVerne Erwine#Lavery John Sir#Lavies Johannes Fredrik (called Jan)#Lavori Artigianali Femminili, Rome#Lavos Carl#Lavrate Edmond#Lavrillier Andre#Law Foulsham & Co.#Law Thomas#Lawler Louise#Lawless Matthew James#Lawrence Charles#Lawrence Claude#Lawrence Eliza#Lawrence Jacob#Lawrence Thomas#Lawrence Thomas Sir#Lawson Adelaide#Lawson Alexander#Lawson Ernest#Lawson Robert#Lawton Joseph#Lax Michael#Laylon Harry#Layr Franz Xaver#Lazenby Hariet#Lazo Agustín#Lazzerini Aloisio#Lê An-My#Le Bas Jacques-Philippe#Le Bas James#Le Beau Pierre Adrien#Le Blanc Chapeaux#Le Boeuf Andre Marie#Le Bonnet#Le Brun Charles#Le Brun Jean Baptiste Pierre#Le Chapeau Chic, New York / Paris#Le Charmé#Le Charpentier René Jacques#Le Clerc Jean#Le Clerc Sébastien the Elder#Le Coeur Louis#Le Comte Adolf#Le Comte Marguerite#Le Corbusier#Le Fort Anne Boilly#Le Fort Henri#Le Gouaz Yves Marie#Le Gout du Jour#Le Gray Gustave#Le Huray Nicholas Jr.#Le Jevre#Le Keux John#Le Lieure H.#Le Mayeur Adrien#Le Mire Noël#Le Parc Julio#Le Pautre Jean#Le Petit A.#Le Poittevin Eugène Modeste Edmond#Le Prince Engrand#Le Prince Jean Baptiste#Le Rat Paul Edme#Le Riche Josse-François-Joseph#Le Rouge Jean-Nicolas#Le Roux Charles#Le Roux John#Le Roy Jacques#Le Sage John Hugh#Le Sidaner Henri-Eugène-Augustin#Le Sueur Eustache#Le Sueur Nicolas#Le Tellier Charles François#Le Tellier Louis#Le Va Barry#Le Veau Jean Jacques André#Le Villain Gérard René#Lea#Leach Bernard#Leach Jeanne#Leach John#Leacock John#Leadbeater Eliza Ann#Leadbetter John Gibson#Léar#Lear Edward#Leavey Ann Maria#Lebas Louis Hippolyte#Lebduska Lawrence H.#Lebe David#Lebeuf et Thibault, Montereau, France#Lebeuf-Milliet et Cie, Creil and Montereau, France#Leborne Joseph Louis#Lebrun Rico (Federico)#Lebschée Carl August#Lechtzin Stanley#LeClair Charles#Lecomte Narcisse#Leconte de Roujou Louis Auguste Gabriel#Lecouteux Lionel Aristide#Lecouturier#Lecroix F.#Lecurieux Jacques Joseph#Lederer, France#Ledermayr Hieronymus#Ledsam, Vale, & Wheeler, England (active Birmingham)#Lee and Fricker, Philadelphia#Lee Barbara#Lee Doris#Lee Jeans Co.#Lee Jennifer#Lee Jim#Lee Mi-Kyung#Lee Paul Pak-hing#Lee Russell#Lee Young Jae#Lee-Smith Hughie#Leeds Pottery, Yorkshire, England#Lees Mary Ann#Leeuw Govaert van der#Leeuw Willem van der#Lefebvre Claude#Lefèvre Achille Désiré#LeFevre John#Lefevre Valentin#Lefman Ferdinand#Lefort des Ylouses Arthur Henri#Léger Fernand#Leghorn school#Legnani Stefano#LeGrand Claudius#LeGrand William#Legrip Frédéric#Legros Alphonse#Legros Sauveur#Leguay Étienne-Charles#Leguay Eugène#Lehman Elizabeth#Lehman George#Lehmann Auguste#Lehmann G.W.#Lehmbruck Wilhelm#Lehn Joseph Long#Lehrer Leonard#Leiber Judith#Leibl Wilhelm Maria Hubertus#Leibowitz Matthew#Leidy John I#Leidy John II#Leighton Clare#Leighton Frederic Sir#Leisnier Nicolas Auguste#Leitzinger Frederick R.#Leizelt Balthasar Friedrich#Leizelt Johann Friedrich#Lelen J. M. , Ph.D. Rev.#Lelienbergh Cornelis#Lelong Lucien#Lelu Pierre#Lely (Pieter van der Faes) Peter Sir#Lemaire Louis Alphonse Léon#Leman John#Lembke Johann Philip#Lemercier#Lemercier L.#Lemet Louis#Lemoyne François#Lempereur Catherine Elisabeth Cousinet#Lempereur Louis Simon#Lenbach Franz von#Lenfant Jean#Lenhardt Josef#Lenox Incorporated, Trenton, New Jersey#Lent Lillian#Lenz Philipp#Leon Escosma Inacio de#Leon Sazerat's porcelain factory, Limoges#Léonard Agathon#Leonard and Wilson, Philadelphia#Leonard Zoe#Leonardi Achille#Leonardi Cesare#Leonardis Giacomo#Leonardo da Vinci#Leonart Johann Friedrich#Leone Andrea de#Leoni Leone#Leoni Ottavio#Leontine, Paris#Leopold Franz Joseph#Lepaute, Paris Lepaute#Lepic Ludovic Napoléon Vicomte#Lépicié François Bernard#Lépicié Renée Elizabeth Marlié#Lepine Stanislas-Victor-Édouard#Lepper Wilhelm D.#Lepri Gioacchino#LeQuier K. William#Lerche Hans#Lerner Alexandria#Lerner Judith#Leroux Jean Marie#Leroux Louis#Leroy Alphonse Alexandre#Leroy Louis Joseph#Lerpinière Daniel#Lerski Helmar#Lescure Edward P.#Leser Tina#Lesheim Alan#Lesire Pauwel#Leslie Joan#Lessing Karl Friedrich#Lessore Emile-Aubert#Lester William Lewis#Letablere John#LeTelier John Jr.#LeTelier John Sr.#Letts J.#Leu Thomas de#Leuchun, No. 6 New China Street#Leupenius Johannes#Leutze Emanuel#Levachez, père et fils#Levan Francis D.#Levantino#Levart#Levasseur Jean Charles#Levasseur Jules Gabriel#Lévesque#Lévesque Pierre Charles#Levi Josef#Levi Julian#Levin Robert#Levine Beth#Levine Herbert#Levine Jack#Levine Les#Levine Marc#Levine Sherrie#Levis For Gals#Levit Herschel#Levitsky#Levitt Helen#Levone Philip#Levy Charles#Lévy Émile#Lévy Fanny#Lévy Gustave#Levy Julien#Lewis Arthur Allen#Lewis Arthur James#Lewis Charles George#Lewis Esther#Lewis Eva Sherley#Lewis Frederick Christian II#Lewis George Robert#Lewis Harvey#Lewis John C.#Lewis John Frederick#Lewis Lewann#Lewis Martin#Lewis Mary#Lewis Norman#Lewis Samella#Lewis Samuel#Lewis Veron and Company, Philadelphia#Lewis William#Lewis, Philadelphia#LeWitt Sol#Lex-Nerlinger Alice#Ley Timothy#Leybold Johann Friedrich#Leyda Jay#Leyden Lucas van#Leys Hendrik Jan August#Leyster Judith#Lhermitte Léon-Augustin#Lhote André#Lhuillier Victor Gustave#Li Gonglin#Li Sheng#Liagno Teodoro Filippo#Liart Matthew#Libbey Glass Company, Toledo, Ohio#Liberale da Verona (Liberale di Jacopo dalla Biava)#Liberty & Co., London & Paris#Liberty and Company, London#Lichten Frances M.#Lichtenstecher Georg#Lichtenstein Roy#Liddiard Thomas#Lidel Jacob Balthasar#Liébeaux (called Mich) Michel#Lieber August#Lieberman Harold#Liébert Alphonse#Liebes Dorothy#Lieferinxe Josse#Liefland Johannes van#Liénard Jean Baptiste#Liender Paul van#Lies Jozef Hendrik Hubert#Lieusley Mary#Lievens Jan#Life Stride#Liftin Joan#Ligenza Gabriela Maria#Lightfoot Susanna#Ligne Charles de Prince#Lignon Etienne Frédéric#Ligon Glenn#Lilia Ricami, Florence#Lillie Ella Fillmore#Lilly Daché, Paris, New York#Lily of France#Limbach Russell T.#Limborch Hendrik van#Limón Leo#Limont Naomi#Lin Isaac Tin Wei#Lin Liang#Lin Maya#Lin Shu#Lincoln Bennett & Co., London#Lincoln Edwin Hale#Lindal Jane#Lindau Dietrich Wilhelm#Lindberg Stig#Lindeman Christian Philipp#Lindig Otto#Lindner George#Lindner Johann#Lindquist Mark#Lindquist Melvin#Lindsay Charles#Lindstrand Viktor (Vicke)#Lingée Charles Louis#Lingée Éléonore Madame#Linnell John#Linnig Égide (or Egidius)#Linnig Jan Theodor Joseph (or Jean Théodore Joseph)#Linnig Willem I#Linnig Willem II#Linossier Claudius#Linwood#Linwood Matthew#Lion Alexandre Louis#Liotard Jean-Michel#Lipchitz Jacques#Lipofsky Marvin#Lippincott Sarah#Lips Johann Heinrich#Lips Johann Jakob#Lise Anne#Lisebetten Pieter van#Lisker Sara#Liss Jan#Lissitzky (Eleazar Lissitzky) El#Lister and Sons, English (active Newcastle)#Lister Peter#Lit Brothers#Littleton Harvey K.#Liu Du#Liu Guangyuan#Liu Songnian#Liu Songnian#Lively Hannah#Livemont Privat#Livy Filippo#Llamas Zlata#Lloyd Ann#Lloyd John#Lloyd Manufacturing Company, Menominee, Michigan#Lo Spagna (Giovanni di Pietro)#Lobb John#Lobel-Riche Almery#Lobrandi Nicola#Locatelli Andrea#Locatelli Antonio#Lochard Félix#Lochom Michiel van#Lochon René#Lock and Whitfield, London, England#Locke Charles Wheeler#Locke Emma#Lockport Glass Works, Lockport, New York#Lödel Carl#Lödel Heinrich Burkhart#Loder N.#Lodge John#Loeffler August#Loeffler Ludwig#Loewy Raymond#Löffelhardt Heinrich#Löfftz Ludwig#Logan Charlie#Logan Sarah#Logan Sarah R.#Logemann Jane#Logue John James#Lohmann Helen#Lohse Remie#Loir Alexis I#Loir Nicolas Pierre#Loisy Pierre de III#Lokhorst Dirk van#Lokhorst Johan Nicolaus#Lola#Loli Lorenzo#Lomas Garza Carmen#Lombard Louis#Lombard Pierre#Lombardi & Fry#Lommelin Adriaen#Lomonosov porcelain factory, Saint Petersburg#Londerseel Jan van#London Feather Co., New York#London Photo Copying Co.#London Stereoscopic Co.#Londonio Francesco#Long Charles#Long Frank Weathers#Long Jacob#Long Richard#Longacre Elizabeth#Longacre James Barton#Longhi Giuseppe#Longhi Luca#Longo Vincent John#Longobardi Nino#Longton Hall porcelain factory, Staffordshire, England#Longueil Joseph de#Longueville Charles#Lonhuda Pottery Company, Steubenville, Ohio#Lons Dirk Evertzs.#Lonsing François Joseph#Loo Ann#Look Dona#Loos Adolf#Loos Friedrich#Loosdrecht porcelain factory, Loosdrecht, Netherlands#Loper Edward#López Andreas#López Juan Pedro#Lopez Nicudemos#Lorch Melchior#Lord & Taylor#Lord & Taylor Salon#Lord & Taylor, New York#Lord Josephine#Lord Mary Ann#Lorenzetti Pietro#Lorenzi Giovanni Paolo#Lorenzi Lorenzo#Lorenzini Giovanni Antonio Fra#Lorenzo di Giovanni di Nofri (Master of San Miniato)#Lorenzo di Mariano#Lorenzo Monaco (Piero di Giovanni)#Lorenzo Veneziano#Lorichon Constant Louis Antoine#Lorieux F. B.#Lorimer Candace#Loring Andrews, Cincinnati#Loring Jane#Lorraine Jean Baptiste de#Lorrens Emma#Lossing Craig#Lotar Eli#Lotto (Lorenzo di Tommaso Lotto) Lorenzo#Louboutin Christian#Louis#Louis Aristide#Louis et Cie, Paris#Louis Morris#Louis Sterling & Co., Philadelphia, PA#Louis Vuitton#Louise Marie#Louisville Glass Works, Louisville, Kentucky#Loutherbourg Philippe Jacques II#Louveau-Rouveyre Marie#Louvemont François de#Louw Pieter#Louys Jacob#Love Arlene#Love Susanna#Lovegrove Ross#Lovejoy E. W.#Lövenich Peter#Loving Alvin#Lowell Orson#Lowengrund Margaret#Lowenstam Leopold#Lowestoft porcelain factory, Suffolk, England#Lownes Edward#Lownes Joseph#Lozowick Louis#Lu Jun#Lu Shih-tao#Lu Yuan#Lu Zhi#Lubiensky Theodor von#Lubin Jacques#Lucae#Lucas Albert Pike#Lucas David#Lucas Georg Friedrich August#Lucas Louis#Lucas Otto#Lucas Richard Cockle#Lucas Velazquez Eugenio#Luce Clarence S.#Luce Léandre#Lucenti Girolamo#Lucero Michael#Lucini Ennio#Lucioni Luigi#Lüderitz Gustav#Ludovici Julius#Ludwigsburg porcelain factory, Ludwigsburg, Germany#Ludy Friedrich August#Lueders Jimmy C.#Luini Bernardino#Lukey Joseph#Lukomski Stanislaus#Luks George B.#Luksus Tzaims#Lumbermen's Insurance Company, Philadelphia#Lundin Ingeborg#Luo Ping#Lupton Thomas Goff#Lurçat Jean#Lütgendorff Ferdinand von Baron#Luti Benedetto#Lutma Abraham#Lutma Jan II#Luttichuys Isaac#Lutz Dan#Lutz Peter#Luyken Caspar#Luyken Jan#Luzi Filippo#Lycett Edward#Lyle Jane#Lynch Albert#Lynch Ann#Lynch Anna#Lynch James Henry#Lynch Linda#Lynes George Platt#Lynn Jenny#Lynn Mary#Lyon Danny#Lyonet Pieter#Lyons Beauvais#Lys P.