M. & N. Manmart#M. A. Connelly, New York#M. F. Hamilton & Son, Philadelphia#M. Fenton & Co., London#M.R. Company Silk Ribbons#M.S. Kuznetsov Partnership, Dulevo#M.V.M. (Maestri Vetrai Muranesi) Cappellin & Co.#Mǎ Dé Zhāo#Maar Dora#Maaten Jacob Jan van der#Maberry Phillip#Mac Gregor Greg#Macbeth Robert Walker#Macco Alexander#Maccoy Guy#Macdonald-Wright Stanton#MacIntosh Dwight#Mack Ebenezer#Mackay & Chisolm, Scotland (active Edinburgh)#Mackenzie Samuel#MacKenzie Warren#Mackie Bob#Mackintosh Charles Rennie#Macleod Donald#MacMonnies Frederick William#MacNeil Linda#MacRae Wendell#Macret Charles François Adrien#Macrini Rosalie#MacWeeney Alen#Madad ‘Ali#Madakolathasina Thvapati#Madame Suzy#Madcaps, New York & Paris#Madden Matthew#Maddox Jerrold#Mader Xavier#Madou Jean-Baptiste#Madrid Joaquín Dávila#Maeda Masahiro#Maeda Seigo#Maekawa Senpan#Maella Mariano Salvador de#Maentel Jacob#Maes Godfried#Maes Nicolaes#Maffei Niccolò Francesco#Magatti Pietro Antonio#Magistretti Vico#Magli Bruno#Magli Gabriele#Maglioli Giovanni Andrea#Magnan Oscar#Magnasco, also called Lissandro and Lissandrino Alessandro#Magnelli Alberto#Magnussen Erik#Magnussen Erik#Magritte René#Maguire Henry Calton#Mahdavi Rafael#Mahesha#Maile George#Maillet Joseph C.#Maillol Aristide#Mainbocher#Mair Alexander#Mair Johannes#Mairs Clara#Maison Ad. Braun et Cie#Maison du Bon Marché, Paris#Maison Lapaque-Hoffman, F. Fauve Seur#Maison Lewis, established Paris#Maison Spritzer#Maitin Samuel Calman#Maîtrejean Louis#Maize William#Majestic Hat Works, India#Major Isaak#Makenzie K.#Makigawa Carlier#Makins James#Malardot André#Malbeste Georges#Malbone Edward Greene#Malcolm James Peller#Maler Hans#Maleuvre Pierre#Malevich Kasimir#Malherbe William#Malinow Wendy Wallin#Mallery Karel van#Mallory Hat Company#Maloney E. F.#Maloof Sam#Malotte Jack#Malthan Johann#Man Anthony Willem Hendrik Nolthenius de#Man Cornelis de#Manaku of Guler#Mancini Antonio#Mancini Francesco#Mancion Pietro#Manco, Firenze#Mandel Eduard#Mandel Mike#Mandelbaum Lyn#Mandelli Mariuccia#Mander Karel van III#Manders Co. Creation By Laura#Mané-Katz#Manet Édouard#Mang Huli#Mangeot H.#Manglard Adrien#Mangold Robert#Mangold Sylvia#Manhattan Plate Company, New York#Manievich Abraham Anshelovich#Manjoy George#Mann Katinka#Mann Lydia#Mann Sally#Mannelli Sante#Mannerback Prisca Levan#Mannerback William#Mannlich Johann Christian von#Manos Constantine#Mansfeld Johann Ernst#Mansfield Johann Georg#Manship Paul#Mantegna Andrea#Mantova Sperandio da#Manuel Henri#Mapplethorpe Robert#Maquin#Mar Léopold#Marais Jean Baptiste#Maratta (also known as Carlo Maratti) Carlo#Marblehead Pottery Company, Marblehead, Massachusetts#Marcaccio Fabian#Marcel Rochas, Paris#Marcello (Duchesse de Castiglione-Colonna, born Adèle d'Affry)#Marcenay de Ghuy Antoine de#March Irma#Marchand Gabriel#Marchant Edward Dalton#Marchant Pierre#Marchant Susanna#Marchesi Agostino#Marchetti Domenico#Marchi Antonio#Marchionni Carlo#Marcks Gerhard#Marclay Christian#Marconi Rocco#Marcoussis (Louis Casimir Ladislas Markus) Louis#Marcuard Robert Samuel#Marcucci Giuseppe#Marcus & Company, New York#Marcuse Michelle#Marden Brice#Mare Johannes de#Mare Pieter de#Marechal#Maréchal Marchand Cécile#Mares Paul#Margaine Alpinien#Margaret Jerrold#Margas Samuel#Margè Madame#Margiela Martin#Margolin Jean#Margulies Joseph#Mari Enzo#Maria-Guy#Mariage Louis François#Mariani Carlo Maria#Marieberg pottery, Marieberg, Sweden#Marieschi Michele#Mariette Jean#Maril Herman#Marilhat Prosper#Marillier Clément Pierre#Marimekko Oy, Helsinki, Finland#Marin John#Marindar, Paris#Marini Marino#Marinot Maurice#Marinus Ignatius Cornelis#Mario of Florence#Marion, Paris#Maris Alice#Maris Jacob Hendricus#Maris Matthijs#Maris Willem#Mariscal Javier Errando#Mark Enid#Mark Mary Ellen#Mark Quirin#Markham Kyra#Marks Henry Stacy#Marks J. L.#Marks W.#Markwick James#Markwick Markham, London Markham Robert#Marlet Jean-Henri#Marlin Caroline#Marlin Ralph#Marlow William#Marmion Simon#Marquis Richard#Marracci Ippolito#Marri Giuseppe#Marsh Reginald#Marshall and Sons, Edinburgh#Marshall Benjamin#Marshall Don#Marshall Field & Company, Chicago#Marshall William#Marshes & Shepherd, England#Marson Frederick#Martano Francesco#Martelli Luigi#Martelli S.#Marten, called Oake Marten Thomas Henry#Martenasie Pierre François#Martens Frédéric#Martens Willem Johannes#Marti Virgil#Martial-Potément Adolphe Theodore Jules#Martin & Martin, New York/Chicago#Martin Agnes#Martin Brothers, London, England#Martin Erdmann#Martin Eugène Prosper#Martin Henri-Jean-Guillaume#Martin Ira#Martin Johan#Martin John#Martin John#Martin Malcolm#Martin Stefan#Martinelli (called Il Trometta) Niccolò#Martinelli Ezio#Martinet Achille Louis#Martínez de Hoyos Ricardo#Martinez Juan the Elder#Martinez Maria#Martinez Maria Victoria Dona#Martínez-Cañas María#Martinez-Valdivieso Nicolas#Martini Pietro Antonio#Martinius G.B.#Martino da Verona (Martino di Alberto)#Martino di Bartolomeo (Martino di Bartolomeo di Biagio)#Martins María#Martinuzzi Napoleone#Martorell Bernat#Martz Karl#Maruyama Ōkyo#Maruyama Wendy#Marville Charles#Marvin Penelope J.#Marvy Louis#Mary Ann and Charles Reily#Mary Ann Skerrett, E.B. Phillips, George S. Lang, Julian Phillip#Mary Jane Artwear#Maryland Glass Works (of J. L. Chapman), Baltimore#Mas V.#Masahiro Mori#Mashimizu Zoroku#Masini Pietro#Masolino (Tommaso di Cristoforo Fini)#Mason#Mason Alice Trumbull#Mason Charlotte#Mason James A.#Mason Rex#Mason Thomas#Masonfort Sock#Masquelier Claude Louis#Masquelier Louis Joseph#Masquelier Nicolas François Joseph#Masreliez Ludwig#Massad G. Daniel#Massard Alexandre Pierre Jean Baptiste#Massard Félix#Massard Jean#Massard Jean Baptiste Raphael Urbain#Massard Léopold#Massaro, Paris#Massé Grégoire#Massé Jean-Baptiste#Massey Samuel#Massi Gasparo#Massinger Andreas II#Masson Alphonse Charles#Masson André#Masson Antoine#Massys Quentin#Master A.D.#Master Boucicaut#Master CC#Master CI#Master EDJ#Master FG#Master FG#Master HR#Master HT or TH#Master IB#Master IO+V#Master IVM#Master ML#Master of 1419 (Battista di Biagio Sanguigni?)#Master of Alkmaar#Master of Cappenberg (Jan Baegert)#Master of Carmignano#Master of Hoogstraeten#Master of Liesborn#Master of Marradi#Master of Messkirch#Master of Montelabate#Master of Saint Benedict#Master of Saint Veronica#Master of San Trovaso#Master of Schloss Lichtenstein#Master of Staffolo (Costantino di Franceschino di Cicco di Nicol#Master of the  Magdalene Legend#Master of the Apollo and Daphne Legend (Giovanni di Benedetto Cianfanini?)#Master of the Beighem Altarpiece#Master of the Book of Hours of Alfonso of Aragon#Master of the Castello Nativity#Master of the Castle Mark#Master of the Collins Hours#Master of the Court at Mandi#Master of the Die#Master of the Embroidered Foliage#Master of the Female Half-Lengths#Master of the Holy Kinship#Master of the Johnson Ascension of Saint Mary Magdalene#Master of the Johnson Tabernacle#Master of the Large Foreheads (Le Maître des Grands Fronts)#Master of the Laufen High Altarpiece#Master of the Legend of Saint Anne#Master of the Legend of Saint Lucy#Master of the Legend of Saint Ursula#Master of the Life of Saint John the Baptist#Master of the Life of the Virgin#Master of the Mansi Magdalene#Master of the Morrison Triptych#Master of the Munich Crucifixion Altarpiece#Master of the Pesaro Crucifix#Master of the Pomegranate#Master of the Processions#Master of the Saint Bartholomew Altar#Master of the Saint John Altarpiece#Master of the Terni Dormition#Master of the Tiburtine Sibyl#Master of the Turin Adoration#Master of the Virgin among Virgins#Master PK#Master Potter A#Master PP#Master TLB#Master VS#Master William#Mastro-Valerio Allessandro#Masucci Agostino#Masuharu#Mateu Jaume#Matham Adriaen#Matham Jacob#Matham Theodor#Matheu Cornelis#Matheus Georg#Mathewmann George#Mathieu Auguste#Mathieu Jean#Mathieu Marie Alexandrine#Mathsson Bruno#Matisse Henri#Matsubara Naoko#Matsuda Mitsuhiro#Matsukawa Hanzan#Matsumoto Hoji#Matsumoto Roger#Matsumoto Sahei#Matsumura Goshun#Matsumura Keibun Naoji#Matsushima Sakurako#Matsuzaki Ken#Matsys (or Massys) Cornelis#Matta Roberto#Matta-Clark Gordon#Matteo di Giovanni (Matteo di Giovanni di Bartolo)#Matter Herbert#Matthews Rob#Mattia Alphonse#Mattioli Ludovico#Mattson & Dilkes#Matulka Jan#Maud et Nano, Paris#Maulbertsch Franz Anton#Mauny Jacques#Mauperché Henri#Maurand Charles#Maurer Alfred Henry#Maurer Ingo#Maurer Jakob#Maurer Oscar#Maurin Charles#Maurisset Théodore#Mauve Anton#Mauzey Merritt#Maviez N. F.#Max Gabriel Cornelius von#Max Peter#May Abigail#Mayall#Mayen Paul#Mayer Auguste-Etienne-François#Mayer Thomas#Mayhew Timothy David#Maynard Valerie#Maysenhoelder Charles#Maystetter Hans#Mayumi Miyaki#Mazerolle Alexis Joseph#Mazza Bartolommeo#Mazzanti Lodovico#Mazzolino Lodovico#Mazzoni Cesare Giuseppe#Mazzoni Francesco#Mazzuoli Giuseppe#McAdams Dona Ann#McAfee R.#McAllister John Jr.#McAllister John Sr.#McArdell James#McArthur Warren#McBean Angus#McBirney David#McBride Will#Mccabe-Aldred, Importer#McCardell Claire#McCarter Henry#McCarthy Justin#McCarty Sarah Ann#McCaw Chris#McCaw Sandra#McChesney Co., Newark, New Jersey#McClees James Earle#McCluskey William#McCobb Paul#McConnell Jack#McConnell James#McCulloch Peter#McCutchen Earl#McDermott Elizabeth F.#McDougall Angus#McEneaney Sarah#McFadden Mary#McFarlan Eliza#McFee John#McGill E. K. Dr.#McGregor, New York#McGuffin Robert#McIntire Samuel#McKay J.#McKeen Henry#McKenzie Aida#McKie Judy Kensley#McKillop Edgar Alexander#McLaughlin#McLaughlin Mary Louise#McMaugh Carol Newhard#McMullin John#McNish Althea#McQueen Alexander#McQueen John#McQuilken William#McWilliams Jim#Mead & Robbins, Philadelphia#Mead Henry#Meaders Cleater (C.J.)#Meadows & Company, Philadelphia#Meakin Bros & Co., Burslem, England#Mechanic Glass Works, Philadelphia, Pennsylvania#Mechau Frank Jr.#Mechau Jacob Wilhelm#Mechel Christian von#Mechel Johann Jakob von#Meckenem Israhel van#Mécou Joseph#Medel Rebecca#Medici Tapestry Manufactory, Florence, Italy#Medinger Jacob#Medlycott George#Mednick Sol#Medway Betsey Daniels#Meeks Eleanor#Meeley, Philadelphia#Meene Hellen van#Meer Jan van der II#Meer Noach van der II#Megan Reinier#Megear Thomas J.#Meie Wilhelm von#Meier Felix#Meier Melchior#Meier Richard Alan#Meigen Clemens#Meil Johann Wilhelm#Meiselas Susan#Meissen porcelain factory, Meissen, Germany#Meissens Cornelius#Meissens Johannes#Meissner Ernst Arnold#Meissner Leo John#Meissonier Jean-Louis-Ernest#Melar Adriaen#Melbye Anton#Melchers Julius Gari#Meldrum Alex#Melegh Gábor#Melet Fils, Ville-franche, France#Melillo Giacinto#Melini Carlo Domenico#Melissi Agostino#Mellan Claude#Mellor D. W.#Mellor David#Melone Altobello#Meloni Francesco Antonio#Meltzer Doris#Melville Henry#Melville Herman#Memling Hans#Menant Pierre#Menarola Crestano#Menarola Pietro#Mendel Johanna#Méndez Leopoldo#Mendieta Ana#Mendini Alessandro#Menihan John C.#Menken Johann Heinrich#Menkès Sigmund#Mennecy porcelain factory, Mennecy, France#Menpes Mortimer#Menz Max von#Menzel Adolph#Mer Yael#Mercandetti Tommaso#Mercati Giovanni Battista#Mercer Henry Chapman#Mercier Gustave#Mercuri Paolo#Meredith Lydia#Meredith Sarah Rush#Merian Caspar#Merian Matthäus the Elder#Merian Matthäus the Younger#Mérida Carlos#Meriden Silver Plate Company#Merigot James#Merkel-Hess Mary#Merkelbach & Wick, based in Grenzhausen, Germany#Merlen Abraham van#Merlen Theodor van II#Merrimac/Strawbridge & Clothier#Merry (William Meacham) Tom#Mertel Christian#Merter Johann Michael#Meryon Charles#Merz Caspar Heinrich#Mesibov Hubert#Mesnil Elie du#Messager Jean#Messrs. Stearn, Cambridge#Metcalf and Company, Newark, New Jersey, and New York#Metcalf Bruce#Metcalf Willard Leroy#Metcalfe Percy#Metheny Cecilia#Methesun George#Metsu Gabriel#Mettayer Lewis#Mettel Nikolaus#Mettling Louis#Metz Conrad Martin#Metz Matthew J.#Metzger Johann#Metzinger Jean#Metzker Ray K.#Metzmacher Pierre Guillaume#Metz[elaar] L[ien]#Meulemeester Joseph Karel de#Meulen Adam Frans van der#Meunier Louis#Meurisse Henri Louis#Meurs Cornelis Hubert van#Meurs Jacob van I#Mewburn John#Meyer (called Meyer von Bremen) Johann Georg#Meyer Conrad#Meyer Dietrich the Elder#Meyer Ernst (Ahron)#Meyer F. W.#Meyer Felix#Meyer Friedrich#Meyer Grethe#Meyer Hans#Meyer Henry Hoppner#Meyer Jeremiah#Meyer Johann Heinrich#Meyer Johannes the Younger#Meyer, also called Claus Meyer August Eduard Nicolaus#Meyerheim Friedrich Eduard#Meyeringh Aelbert#Meyerowitz Joel#Meyerson, New York#Meynier (called Saint-Phal or Saint-Fal) Louis-August#Meza Guillermo#Mi Fu#Mi Youren#Michaelis Johann Wilhelm#Michault Antoine-Victor Germaine#Michel Georges#Michel Hans#Michel Jean Baptiste#Michel L.#Michel Marin-Ovide#Michel, called Clodion Claude#Micheli Alberto#Michelin Jules#Michelle Suzy#Michiels Jean-Baptiste#Michikawa Shōzō#Michio Arai#Michon Antoine#Middiman Samuel#Middleton Susan#Middletown Plate Company, Middletown, Connecticut#Midhart Lorenz Ludwig#Miele Jan#Mieling Carl Wilhelm#Mielziner Leo#Mierevelt Michiel van#Mieris Frans van#Miers John#Mies van der Rohe Ludwig#Migeon Pierre II#Miger Simon Charles#Migita Toshihide#Mignard Nicolas#Mignard Pierre#Mignerak Matthias#Migneret Adrien#Mignon Jean#Migraine Freres, Alsace, France#Mihashi Shunchō#Mikolas Karel#Milatz F. A.#Miles Edward#Miles George W.#Miles Jeanne#Milford Willis#Milgrim Richard#Milhalik Julius#Millais John Everett#Millard C. E.#Millea Tom#Miller Abraham#Miller Abraham#Miller Brenda#Miller Brothers & Co., New York#Miller Brothers Hat Co., Inc., New York#Miller Dan#Miller Earle#Miller Eleazer Hutchinson#Miller Frederick A.#Miller G. N.#Miller George M.#Miller John#Miller Kenneth Hayes#Miller Lee#Miller Nicole#Miller Sandra#Miller William#Milles Carl#Millet Eugène Henri#Millet Jean-François#Millington Thomas#Millman Edward#Mills Nathaniel#Mills William#Milne Edmund#Milne Thomas#Miltenberger Robert#Milton Caroline C.#Milton Thomas#Mimlitsch-Gray Myra#Mimura Chikuho#Min Yong Soon#Minami Kazuhiro#Minami Masahiro#Minardi Tommaso#Minchell Peter#Minegishi Seikō#Mingorance Juan#Minke#Minkowitz Norma#Minnie Kramer, Paris / New York#Mintons, Ltd., Stoke-on-Trent, England#Miralda#Miranda Ibrahim#Miró Joan#Mirow Gregory#Mischer'Traxler Studio, Vienna#Misrach Richard#Miss America#Miss Clare Modiste, Ardmore, PA#Miss L. Brogan, Inc. (New Orleans)#Miss L. Brogan, Inc., New York#Miss Rosina#Missoni#Mitchell Alexander#Mitchell Charles L.#Mitchell James#Mitchell Joan#Mitchell Lavinia#Mitchell Mary Gray#Mitchell Peter Todd#Mitchell Richard#Mitelli Giuseppe Maria#Miura Chikusen#Miville Jakob Christoph#Miwa Kazuhiko#Miyagawa Kōzan#Miyaji Katsunori#Miyake Issey#Miyamoto Musashi (Niten)#Miyanohara Ken#Miyashita Zenji#Mizrahi Isaac#Mizuno Toshikata#Mme. Louise, Philadelphia#Mochetti Alessandro#Mochetti Giuseppe#Model Lisette#Modesuma Pedro#Modica Andrea#Modigliani Amedeo#Modotti Tina#Moeglich Andreas Leonhard#Moerenhout Josephus Jodocus#Moeyaert Claes Cornelisz.#Mogalli Cosimo#Mogalli Niccolò#Mohn Ernst Fürchtegott#Moholy Lucia#Moholy-Nagy László#Moiliette Jean-Jacques#Moitte Auguste#Moitte Jean Guillaume#Moitte Pierre Etienne#Mokuan Shōtō#Mol Pieter Laurens#Mola Gaspare#Mola Pier Francesco#Mole Jean Baptiste#Molenaer Claes#Molenaer Jan Miense#Moles Pascual Pedro#Mölich C.#Molijn Petrus Marius#Molin Jean Peter#Molinari Antonio#Molitor Martin von#Molitor Salomon#Möller Grete#Mollet#Moloch (pseudonym for Alphonse Hector Colomb) B.#Moloney Mary#Molyn Pieter#Molyneux Edward#Momjian Set C.#Momper Frans de#Monaco Pietro#Monchy Martin de#Monday John#Monden Kōgyoku#Mondet E. J.#Mondrian Piet#Monet Claude#Mongin Augustin#Monika Turtle#Monnier Henry Bonaventure#Monogrammist AF#Monogrammist BxG#Monogrammist DWF#Monogrammist FP#Monogrammist GFN#Monogrammist GN#Monogrammist GZ#Monogrammist HFE#Monogrammist HTA#Monogrammist IF Fiorentino#Monogrammist IHS#Monogrammist IS#Monogrammist KT#Monogrammist L#Monogrammist M#Monogrammist MF#Monogrammist P.D.#Monogrammist PN#Monogrammist PP#Monogrammist PP#Monogrammist SK#Monogrammist VDC#Monogrammist WS (possibly Wolfgang Stuber)#Monogrammist ZBM#Monro Henry#Montagna Benedetto#Montagù Domenico#Montalegre Joseph de#Montana Claude#Montaner Francisco#Montaut Gabriel Xavier#Montaut Henri de#Montbard Georges#Monte-sano Vincent#Montenegro Roberto#Montgomery Evangeline#Monti Ercolino del#Monticelli Adolphe-Joseph-Thomas#Montjoye Jean-Louis#Montmirail Marquis de#Montmorillon Ludwig Albert von#Montulé (called Édouard de Montulé) Édouard-René-Pierre-Charles Dubois de#Monus W.#Monza Louis#Monziès Louis#Moody Jean#Mooleyser Willem#Moor Carel de#Moore & Ferguson, Philadelphia#Moore Caroline#Moore Christopher#Moore Claire#Moore Edward C.#Moore George Mead#Moore Henry#Moore Henry#Moore John#Moore John#Moore Susan L.#Moore Thomas#Mor Antonis#Mora#Mora F. Luis#Mora Francisco#Morace Ernst#Moran Edward#Moran John#Moran Mary Nimmo#Moran Peter#Moran Thomas#Morath Inge#Moratti Maria#Moray Of Sydney, Australia#Mordan Sampson#Moreau le Jeune Jean Michel#Moreau-Nélaton Etienne#Moreelse Paulus#Morel Antoine Alexandre#Morel François#Morel-Fatio Léon#Morel-Retz Louis Louis Pierre Gabriel Bernard#Morell Abelardo#Morelli#Moretto da Brescia (Alessandro Bonvicino)#Morey & Ober, Boston#Morgan Barbara#Morgan George#Morgan Gertrude Sister#Morgan Norma Gloria#Morgan William Frend de#Morgenstern Christian#Morgenstern Johann Friedrich#Morgenstern Johann Ludwig Ernst#Morghen Antonio#Morghen Filippo#Morghen Guglielmo#Morghen Raphael#Mori Keiko#Mori Yoshitoshi#Morigami Jin#Morin Jean#Morino Taimei (Hiroaki)#Morishima Hiroshi#Morisot Berthe-Marie-Pauline#Morisset James#Moriyama Daido#Morland George#Morley Elizabeth#Morley Eugene#Morone Francesco#Moroni Giovan Battista di Francesco#Morris and Company, London#Morris Beulah#Morris Catharine Wistar#Morris Emma#Morris Leslie#Morris Martha#Morris Robert#Morris William#Morris William#Morrison Catharine#Morrison Jasper#Morrison Keith#Mortelmans Frans#Mortimer John Hamilton#Morton Ed#Morton James#Moschetti A.#Moschino Franco#Moschino, Italian#Moscoso Victor#Mosengel Adolf#Moser Barry#Moses Thomas P.#Moskowitz Robert#Mosley Charles#Mosley Joshua#Moss Ben Frank#Mossman George#Mössmer Joseph#Mossoloff (or Massoloff) Nicolai#Mostaert Jan#Mote William Henry#Motet Mauryce#Motherwell Robert#Motoko Maio#Motte Charles Étienne Pierre#Moty Eleanor#Moucheron Isaac de#Mougeot Jean Joseph#Mouilleron Adolphe#Moulin Félix-Jacques-Antoine#Moult Sarah#Moulthrop Edward#Moulthrop Philip#Moulthrop Reuben#Moulton Ebenezer#Mount Lebanon Community, New Lebanon, New York#Mount Vernon Glass Company, Vernon, Oneida County, New York#Mountz Aaron#Mourgue Olivier#Moy Seong#Moyes J.#Moyreau Jean#Moyse Edouard#Mozin Charles Louis#Mozyn Michiel#Mr. Arnold#Mr. Arnold Acutalite/Bonwit Teller Millinery Salon#Mrs. A. Smythe, 1419 Lombard, Philadelphia#Mrs. Franklin Shop, Philadelphia#Mrs. R. Smith & Co., Philadelphia#Mt. Washington Glass Company, New Bedford, Massachusetts#Muccio Giovanni Francesco#Mucha Alphonse Maria#Mücke Heinrich Karl Anton#Muecke Jonathan#Mueller Karl L. H.#Mueller Louis#Mueller Otto#Mugler Thierry#Muir Agnes#Muir Jean#Mujō Shōson#Mulinari Stefano#Müller (called Maler Müller) Friedrich#Muller (called Rosenmuller) Édouard#Müller Alfredo#Müller Andreas Johann Jacob Heinrich#Müller Constantin#Müller Friedrich Burghard#Müller Friedrich Theodor#Müller Georg#Müller Gustav Adolph#Muller Harman Jansz.#Müller Henri Charles#Muller Jan Harmensz.#Müller Johann Adam#Müller Johann Carl#Müller Johann Christian Ernst#Müller Johann Friedrich Wilhelm#Müller Johann Gotthard#Müller Johann Sebastian#Muller Leendert Johan#Mulligan Rory#Mullins William J.#Mulnier Ferdinand J.#Mumbouer Conrad#Munakata Shikō#Munari Bruno#Munch Carl Edward#Munch Edvard#Muniz Vik#Munn Carrie#Munnichuisen Johannes Willemsz. van#Munnings Alfred Sir#Munns John#Munoscano Josefa#Muñoz Óscar#Muns John#Munsten Peter the Elder#Murakami Takashi#Murata Hiroshi#Murata Seimin#Murdoch Thomas#Murdock John#Murillo Bartolomé Esteban#Murphy Alice Harold#Murphy Arthur#Murphy Dan#Murr Greg#Murray and Wilson#Murray Charles Fairfax#Murray Charles Oliver#Murray Elizabeth#Murray Grace Harper#Murray J. B.#Murray Judith#Murray Samuel#Murrer Johann#Musashigawa Yoshinori#Musavvir Mu'in#Musculus F. W.#Musgrave James#Mushin Shōkaku#Musi Lorenzo de#Musser Maria#Musson Jayson#Mutual Assurance Company, Philadelphia#Muxel Johann Nepomuk#Muybridge Eadweard#Muys Robert#Muziano Girolamo#Mydans Carl#Myer Jacob#Myers Jerome#Myers Joel Philip#Myers John#Myers Louisa L.#Myers Myer#Mylius F.#Mynde James