O'Casey Breon#O'Connell Fredrike Emilie Auguste#O'Connor Harold#O'Higgins Pablo (Paul)#O'Keeffe Georgia#O'Neill George Bernard#O'Neill Maker, New York#O'Neill's, Baltimore#O. F. Egginton Company, Corning, New York#Oakes John Wright#Oakford, Philadelphia#Oakley Violet#Ōbaku Dokuryū#Obering Mary#Oberkampf, Jouy-en-Josas, France#Oberländer Adolf#Oberman Antonius#Ocampo Isidoro#Ochiai Yoshiiku#Ochikubo Tetsuo#Oda Kaisen#Oda Mayumi#Odam Girolamo#Oddi Mauro#Odio Saturnino Portuondo "Pucho"#Odiot Charles-Nicolas#Odita Odili Donald#Odundo Magdalene Anyango Namakhiya#Odutola Toyin#Oechslin Arnold#Oehmigke & Riemschneider, Neuruppin, Germany#Oelschig Wilhelm#Oer Theobald Reinhold von Baron#Oeri Hans Jacob#Oertel Kaspar Erhardt#Oeser Adam Friedrich#Oeser Johann Friedrich Ludwig#Oesterley Carl Wilhelm Friedrich#Oestreicher Helly#Oever Hendrick ten#Offner Elliott#Ogata Gekkō#Ogata Kenzan#Ogata Kōrin#Ogden Cornelia Ann#Ogden Elizabeth Howel#Ogé Eugène#Ōgi Rodō#Ogura Ritsuko#Ohara Koson#Ohr George E.#Öhrström Edvin#Oiticica Hélio#Oja Alexander#Oji Helen#Okada Kenzo#Okada Kenzō#Okada Yüji#Okayama Sinya#Okuhara Seiko#Okumura Masanobu#Okumura Toshinobu#Old Ann#Oldenburg Claes#Oldham Todd#Olds Elizabeth#Olérys and Laugier's faience factory, Moustiers, France#Olezczynski Antoni#Olgiati Girolamo#Olis Jan#Olitski Jules#Oliv.#Olive#Olive Emile#Oliver Isaac#Oliver Mary#Olivier Ferdinand#Olivier-Pinot, Épinal, France#Ollivant Thomas#Ollivier L.#Olmütz Wenzel von#Olot Master#Olsen Thorkild#Olson Lennart#Olsson Yngve#Olszewski Michael#Olver R.#Omaru#Ommeganck Balthasar Paul#Omori Yoshikiyo#Onchi Kōshirō#Onkō Jiun#Ono Tadashige#Onofri Crescenzio#Onondaga Pottery Co., Syracuse, New York#Ooesterhout Derk van#Oomphies, Massachusetts#Oortman Joachim Jan#Oost Jakob van the Elder#Oostsanen Jacob Cornelisz. van#Opie John#Oploo P. van#Oppenheimer Josef#Orcel Gilbert#Ord Joseph Biays#Orimoto Yamakuchi, Ltd., Yonezawa, Japan#Orinoka Mills, Philadelphia#Orley Bernard van#Orley Jan van II#Orley Richard van#Orloff Chana#Orloff Graf von#Orme William E.#Ormerod George#Ormsby Henry#Orosius Master and Assistants#Orozco Gabriel#Orozco José Clemente#Orr Louis#Orrier Paul-Louis#Orsdi, Paris#Orsini (Master of the Carminati Coronation) Antonio#Orsolini Carlo#Ortelius [Ortels] Abraham#Ortis Mary Ana#Ortman George#Ortolano (Giovanni Battista Benvenuti)#Os Pieter Gerardus van#Osborne Charles#Osborne Edwin Mrs.#Osborne Elizabeth#Oscar Heyman and Brothers, New York#Oselli Gaspar#Oslo Master#Osmont John#Osona Rodrigo de the Elder#Ospina Pedro#Ossenbeeck Jan van#Ostade Adriaen van#Ostade Isaack van#Osterlind Allan#Osterwald Georg#Ostrander and Norris, New York#Ota Jin'emon#Ōta Ryōhei#Ōtei#Otis Amy#Otis Bass#Otsunyū#Ott and Brewer, Trenton, New Jersey#Ott Heinrich#Ottaviani Giovanni#Ottini M.#Ottino Pasquale#Otto#Otto Christian Heinrich#Otto Daniel#Otto Henrich#Otto Jacob#Oudot Roland#Oudry Jacques Charles#Oudry Jean-Baptiste#Outcault Richard Felton#Outerbridge Paul#Ouvrier Jean#Overadt Peter#Overbeck Johann Friedrich#Overbeck Wilhelm#Overbeek Leendert#Overlaet Antoon#Owen Ben#Owen Griffith#Owen Jesse#Owen Josh#Oxford Furnace, Warren County, New Jersey#OXO International, New York#Oy Wärtsilä Ab Arabia, Helsinki, Finland#Ozanne Marie-Jeanne#Ozenfant Amédée