P. Ipsens Enke (P. Ipsens Widow), Kongelig Hof Terracotta-Fabrik#P@radise Calling#Pabst Daniel#Pace Giovanni Battista#Pacecco de Rosa (Francesco de Rosa)#Pach Walter#Pacini Sante#Packard Emmy Lou#Packham Jenny#Pacot#Pacot Elie#Padtbrugge Herman P.#Pagani Gaspare#Pagani Gregorio#Pagani Vincenzo#Pahk Young Sook#Paillart et Hautin, Choisy-le-Roi, France#Paillet Antoine#Paillot Pierre#Painter Elizabeth#Pairpoint Corporation New Bedford, Massachusetts#Pairpoint Glass Works, Sagamore, Massachusetts#Palamedesz. Anthonie#Palamo Isaac#Palaquinos Master#Palethorp John H.#Palethorp Robert Jr.#Paley Albert#Palissy Bernard#Palko Franz Carl#Palma il Giovane (Jacopo Negretti)#Palma il Vecchio (Jacopo d'Antonio Negretti)#Palmer Elizabeth#Palmer Frances Flora Bond#Palmer Samuel#Palmer Susanna P.#Palmerini Nicolò#Palmezzano (Marco di Antonio Palmeggiano) Marco#Palmore Tommy Dale#Palmquist Sven#Palmucci Filippo#Palphreyman Sovine#Palter De Liso, Inc.#Pam, New York#Panasonic Corporation, Osaka, Japan#Pancoast Samuel#Panderen Egbert van#Pandora Footwear#Panneels Willem#Pannemaker Stéphane#Pannier Jacques Étienne#Pannini Giovanni Paolo#Pantaleo Andrea#Pantin Simon I#Panton Verner#Paolozzi Eduardo#Paone Peter#Pape Josse de#Paperdelic Paper Dresses, Beverly Hills#Pappagallo#Papperitz Gustav Friedrich#Paradise William#Parant Louis-Bertin#Parasole Leonard#Parboni Pietro#Parente Gabriele#Paris Harold#Paris Jérôme#Paris Renard#Parizeau Philippe-Louis#Park Porcelain Works, Philadelphia#Parks Gordon#Parks, Edmunds and Parks, Kent, Ohio#Parmenter W. H.#Parmigianino (Girolamo Francesco Maria Mazzola)#Parness Charles#Parreno Philippe#Parrish Maxfield#Parrocel Charles#Parrocel Joseph#Parrocel Pierre#Parrocel Pierre Ignace#Parry Roger#Parry Roland#Parry William D.#Parsons Alfred#Parsons Charles#Parsons Charles R.#Partnership of Samuel Herbert and probably Henry Bailey, London#Partnership of Thomas Whipham II and Charles Wright, London#Partridge Nehemiah#Pascal Jacques#Pascin Jules#Pasinati Paolo#Pasini Alberto#Pasqualini Giovanni Battista#Pasquier Jean Jacques#Passarotti Bartolommeo#Passe Crispijn de I#Passe Crispijn van de II#Passe Magdalena de#Passe Simon van de#Passeri Bernardino#Passeri Giuseppe#Passini Johann Nepomuk#Pastelot Jean Amable Amédée#Pasti Matteo#Pastoris Federico#Pastorius B.#Pastura (Antonio del Massaro da Viterbo)#Patanazzi family#Patas Charles Emmanuel Jean-Baptiste#Patek Philippe  Cie, Geneva#Paterson James#Patinir Joachim#Patou Jean#Pâtour Jean Augustin#Patricia of Miami#Pattee Elsie Dodge#Patti Tom#Paul Hannong factory, Strasbourg, France#Paul Jeremiah#Paul Samuel#Paul Sarah Ann#Paulette#Pauli Andries I#Paulin Paul#Paulin Pierre#Pauquet Jean-Louis#Pauquet Polydor Jean Charles#Pavia Phillip#Pavlik Anna Marie#Pavlik Michael#Pavon Ignazio#Paxton William McGregor#Paye and Baker Manufacturing Company, North Attleboro, Massachus#Payen#Payne Albert Henry#Payne Humphrey#Payne John#Payne John#Pazzaglia Antonio#Pazzi Pier Antonio#Peabody Charles#Peabody Jeanette B.#Peabody Sarah#Peake James#Peal  Company, London#Peale Anna Claypoole#Peale Charles Willson#Peale James#Peale Margaretta Angelica#Peale Mary Jane#Peale Raphaelle#Peale Rembrandt#Peale Rubens#Peale Sarah Miriam#Peale Titian Ramsay II#Pearce Jeannie#Pearson Colin#Pearson Henry#Pearson William#Pecham Georg#Peche Dagobert#Pécheux Laurent#Pechstein Max#Peck Augustus#Pecquet#Pedrignani Girolamo#Pedro Francesco del#Peduzzi Angelo#Peeters Bonaventura#Peffenhauser Anton#Peggy  Joel, New York#Peirce Waldo#Peiroleri Pietro#Peirt Martinus#Pelée Pierre#Pélicier J.#Pellatt and Green, London#Pellechia Francesco#Pellegrino Renaud#Pelletier Jean#Peltier Jean#Pelton Oliver#Peltz Jacob#Pemberton Samuel#Peña Tonita#Penauille Edme#Pencz Georg#Penfield Edward#Peng Yunqing#Penn Beverly#Penn Irving#Penn Silk Mills Co.#Pennell Joseph#Pennock Samuel#Penone Giuseppe#Penton Mary Elizabeth#Penzel Johann Georg#Peoria Pottery Company, Peoria, Illinois#Pepper Henry J.#Péquegnot Auguste#Percy A.#Percy John Francis#Percy Samuel#Perdriaux Peter G.#Perelle Adam#Perelle Family#Perelle Gabriel#Pérèse Léon#Peretz Carol#Pérez Diego#Perfetti Antonio#Perfetti Elena#Perger Sigmund Ferdinand von#Perigal Francis#Perignon Nicolas#Perine George E.#Perini Giuseppe Sforza#Perkins Bart#Perkins Eliza Ann#Perkins F. G.#Perkois Jacobus#Perlin Bernard#Pernati Damiano#Peronneau Bill#Perotti Edoardo#Perreau Peter#Perret Pieter#Perriam E.#Perrier François#Perrier Guillaume I#Perrin Olivier Stanislas#Perrin, Paris#Perris Bernard#Perrone Serena#Perrot Ferdinand Victor#Perrtz#Perry Giuseppe Ferrante#Perry Levy#Persak George#Persciutti Giuliano#Persichini Raffaello#Persson Inger#Persson Sigurd#Persyn Reinier van#Perugia André#Peruzzini Domenico#Pesce Gaetano#Pescheck Carl#Pescheret Leon Rene#Peschier N. L.#Pesellino (Francesco di Stefano)#Pesne Jean#Pessemiers#Peter and William Bateman#Peter Guille Ltd., New York#Peter Pelzel#Peter Robinson, London#Peter Victor#Peter Yapp#Peterdi Gabor#Peters Gustav Sigismund#Peters James#Petersen Johann Heinrich Ludwig#Petersen Søren Henrik#Petersen Will#Peterson Abraham#Peterson Brian#Peterson Jane#Peterson Michael J.#Peterson Oscar#Peticolas Phillippe Abraham#Petit Anne-Claire#Petit Dunkerque, Paris, France#Petit Gilles Edme#Petit Jacob#Petit Louis#Petit Pierre#Petit-Radel Louis-François#Petitot Jean#Petitpierre Frères et Cie, Nantes#Petlin Irving#Peto John Frederick#Petrak Alois#Petrini Giovanni#Petrov N. G.#Petrus Jakob F.#Pettenkofen August Xaver Carl von#Pettibon Raymond#Pettibone Richard H.#Pettifer David#Pettway Martha Jane#Petzold Willy#Petzsch Robert Constanz#Pewabic Pottery, Detroit#Peyron Pierre#Peyton Elizabeth#Pezolt Georg#Pfaff Judy#Pfeffel Johann Andreas I#Pfeiffer (called Theodoro) Théodore#Pfeiffer François Joseph I#Pfenninger Matthias#Pfister Andrea#Pflugfelder August Friedrich#Phelps Hannah#Phelps Joseph#Philadelphia Carriage Company#Philadelphia Contributionship for the Insurance of Houses#Philbrick Timothy#Philip Christian and Co., Shaw's Brow, Liverpool, England#Philip Mangone Co., New York#Philip Somerville, London#Philipon Charles#Philippe Pieter#Philippon Adam#Philippoteaux Félix Henri Emmanuel#Philips Caspar Jacobsz.#Phillibrown (or Phillibrowne) Thomas#Phillips Ammi#Phillips Clarence Coles#Phillips George Henry#Phillips Thomas#Phoenix Pottery, Kaolin  Firebrick Co., Phoenixville, Pennsylvania#Phoenixville Pottery, Phoenixville, Pennsylvania#Phyfe Duncan#Piali Stefano#Piamontini Giuseppe#Pian Giovanni Maria di Tomaso del#Piatti Giovanni Antonio#Piattoli Giuseppe#Piazza (Calisto de la Piaza da Lodi) Callisto#Picabia Francis#Picard Louis#Picart Bernard#Picart Charles#Picart Étienne#Picart Etienne#Picart Le Doux Jean#Picasso Pablo Ruiz y#Picchianti Giovanni Domenico#Piccini Gaetano#Piccini Isabella Sr.#Piccini Jacopo#Piccioni Matteo#Pichard Émile Pierre#Pichel#Pickaerdt Pieter#Pickering George#Pickett Keri#Picot Édouard#Picot Victor Marie#Picou Robert#Picquot Henri#Piene Antonio de la#Pierce Danny#Pierce Elijah#Pierdon François#Piermatteo Lauro de' Manfredi da Amelia#Piero di Cosimo (Piero di Lorenzo)#Pierobon Peter#Pierre Jean-Baptiste-Marie#Pierre-Antoine Hannong's factory, Paris Hannong Pierre-Antoine#Pierron Jean-Antoine#Pieters F.#Pietersz. Gerrit#Pietris Pietro Antonio de'#Pietro di Domenico da Montepulciano#Pietro di Miniato#Pietschmann Max#Pigal Edmé-Jean#Piggott Francis#Pigné Nicolas#Pignon Edouard#Pignoni Simone#Pigouchet Philippe#Pilati Stefano#Pilecek Jindrich#Pilgrim Peter#Pilizotti Giacomo#Pill Pottery, near Bristol, England#Pillement Jean#Pillement Victor#Pillot, Paris#Pilo Carl Gustav#Pilos Head Group#Pilotti  Poysel#Piloty Carl Theodor von#Piloty Ferdinand#Pilsen Frans#Pindell Howardena#Pinder, Bourne  Co., Burslem, England#Pine Robert Edge#Pinelli Bartolomeo#Pingat Emile#Pinkney Jerry#Pinnocks Works and Unicorn Potter, Tunstall, Staffordshire#Pinot  Sagaire, Épinal, France#Pinssio Sebastien#Pinto Angelo#Pinto Jody#Pintori Giovanni#Pinturicchio (Bernardino di Betto)#Pinwell George John#Piola Domenico#Piola Paolo Gerolamo#Piotti-Pirola Caterina#Piper Jane#Piper John#Pippin Horace#Piranesi Francesco#Piranesi Giovanni Battista#Piroli Tommaso#Pirou Eugène#Pisanello#Pisarri Carlo Antonio#Pischinger Carl#Pissarro Camille#Pissarro Orovida Camille#Pistoletto Pietra#Pistorius Eduard#Pitati, also called Bonifacio Veronese Bonifacio de'#Pitau Nicolas I#Pitau Nicolas II#Pitcairn-Knowles James#Pitman Benn#Pitt  Dadley, London#Pittara Carlo#Pitteri Marco Alvise#Pittman Hobson L.#Pittoni Giovanni Battista I#Pitts Richard#Pitz Henry Clarence#Pizzi Luigi#Place Francis#Plachy Sylvia#Planer Gustav#Plantart Nicolas#Plâté  Co., Ceylon#Plateelbakkerij De Distel, Amsterdam, Netherlands#Plateelbakkerij P. van der Want Gzn. Ivora Works, Gouda, Netherlands#Plateelbakkerij Schoonhoven, Schoonhoven, Netherlands#Plateelbakkerij Zuid-Holland (PZH) Gouda, Netherlands#Plateelfabriek Firma Wed. N.S.A. Brantjes  Co., Purmerend, Netherlands#Platel Pierre#Platt Lydia#Plattenberg (called Platte-Montagne) Matthieu van#Plattenberg Nicolas#Plaue Porcelain Manufactory, Plaue, Germany#Pleginck Martin#Plimer Andrew#Plimmer John#Plónski Michal#Ploos van Amstel Cornelis#Plotnick Walter#Plüddemann Hermann Freihold#Plumb John#Plummer William#Plummer William#Pluym Karel van der#Pò Pietro del#Pò Teresa del#Poccetti Bernardino#Podestà Giovanni Andrea#Poel Egbert Lievensz. van der#Pogany Margit#Pogue Dwight#Poillon Pottery, Woodbridge, New Jersey#Poilly François de I#Poilly Jean-Baptiste de#Poilly Nicolas de#Pointe François de la#Poiret Paul#Pol Christiaen van#Polanzani Francesco#Polelonema Otis#Poler Margaret H.#Poletnich J. F.#Polhaimer Hans the Younger#Polhamus John#Polk Charles Peale#Polke Sigmar#Pollaiuolo Antonio del#Pollard Donald#Pollet Victor Florence#Pollock Alice#Pollock Bruce#Pollock Charles#Pollock Jackson#Pollock L.#Poly Jean Baptiste#Pomarede Silvestro#Pomé? Francisca#Pomerantz Esther#Pommer Josef Georg#Pompadour Madame de#Pompei Orazio#Pompeo della Cesa#Ponce de León Michael#Ponce Nicolas#Pond Arthur#Ponheimer Kilian the Elder#Ponscarme Hubert#Pontaneau Jean-Simon#Ponthus-Cinier Claude Antoine#Ponti Carlo#Ponti Gio#Pontius Paulus#Pontormo (Jacopo Carucci)#Pontz Leslie#Pool Matthys#Poole T.R.#Poorten Hendrik Jozef Franciscus van der#Popels Jan#Popkins Samuel K.#Popov Valentin#Poppel Johann Gabriel Friedrich#Porporati Carlo Antonio#Porsche Ferdinand A.#Portaels Jan Frans#Portbury Edward James#Porter Edward#Porter Eliot#Porter Franklin#Porter Robert Ker#Porter Thea#Portinari Candido#Portzline Francis#Porzellanfabrik Edgar  Oskar Gutherz, Altrohlau, Bohemia (modern Czech Republic)#Posada José Guadalupe#Pose Eduard Wilhelm#Posen Zac#Posey, Pearlie#Possenti Giovanni Pietro#Post Industrial Folk Wear by Mau, Philadelphia#Post Karl Borromäus#Post William B.#Postans  Tye, England (active Birmingham)#Poste Lucretia Fox Miller#Postnikov Andrei Mikhailovich#Potrelle Jean Louis#Pott Carl#Pott Constance M.#Potter Charlotte#Potter Paulus#Potterie Kennemerland, Velsen, Netherlands#Potthast Edward Henry#Potts Olive M.#Poulbot Francisque#Pouncy Benjamin Thomas#Pound Daniel John#Pousette-Dart Nathaniel#Pousette-Dart Richard#Poussin Nicolas#Pouwelszoon Claes#Pouyat porcelain factory, Paris#Powell David Herman#Powell Francis (Frank)#Powell Harry J.#Power John#Powers Hiram#Powolny Michael#Poynot Gabrielle#Pozzi Ambrogio#Pozzi Francesco#Pozzi Giovanni Battista#Pozzi Lucio#Pozzi Stefano#Pozzo Giovanni#Pozzo Padre Andrea#Prada#Pradier Charles-Simon#Prasch Wenzel Ignaz#Pratt Frederick H.#Pratt Matthew#Pre-view, New York by Tupper#Preisel Christoph#Preissler Georg Martin#Preissler Johann Georg#Preissler Johann Martin#Preller Friedrich the Elder#Premier Engraver (formerly Mantegna)#Prendergast Maurice B.#Prenner Anton Joseph von#Prenner Georg Kaspar#Presbury George#Prestel Johann Gottlieb#Prestel Maria Katherina#Prestini James#Preston Maggy#Previtali Andrea#Prévost Benoît-Louis#Prévost Jacques#Prévost Zachée#Price Antony#Price Hannah#Price Joan Webster#Price Kenneth#Price Melville#Price William L.#Priem Joseph#Prieur Barthélémy#Prikker Johan Thorn#Primavesi Georg#Prince Richard#Prins Johannes Huibert#Prior George#Prior William Matthew#Pritchard Janet#Probst Johann Balthasar#Procaccini Andrea#Procaccini Camillo#Procaccini Giulio Cesare#Procopé Ulla#Pronk Cornelis#Pronti Domenico#Prosek James#Prot Jean-Baptiste#Prout Samuel#Prout Victor A.#Prouvé Jean#Providence Flint Glass Company, Providence, Rhode Island#Provost Jan#Prud'hon Pierre-Paul#Pruden's Pottery, Elizabeth, New Jersey#Pry Lamont Alfred "Old Ironsides"#Pryor Novelty Company, Newark, New Jersey#Pseudo Marco Meloni#Pseudo-Pier Francesco Fiorentino#Pucci Emilio#Puett J. Morgan#Pugh William#Pugin Augustus Welby Northmore#Puiforcat Jean#Puligo (Domenico di Bartolomeo degli Ubaldini) Domenico#Pullinger Herbert S.#Punt Jan#Purcell John#Purcell Richard#Purdie Evelyn#Puricelli Giuseppe#Purintun Mary#Purkhu of Kangra#Purse Wiliam#Puryear Martin#Putnam Mandy#Puvis de Chavannes Pierre#Puyl Louis François Gérard van der#Puyo E. J. Constant#Puyplat Jules Jacques#Pye Charles#Pye David#Pye John II#Pyle Howard#Pyle William#Pynas Jan Symonsz.#Pyne Benjamin#Pyne Elizabeth#Pyne James Baker#Pyne William Henry#Pytlak Leonard