R-Gee Originals, Hatboro, Pennsylvania#R. & W. Wilson, Philadelphia#R. Blackinton & Co., North Attleboro, Massachusetts#R. H. Macy & Co., New York#R. W. Winfield Company, Birmingham, England#Raab Doris#Raab Johann Leonhard#Raacke Peter#Rabanne Paco#Rabasse Jean#Rabinovich Raquel#Rabkin Leo#Racine Jean-Baptiste#Rackley Mildred#Radclyffe Edward#Radclyffe William#Radiguez Antoine#Rados Luigi#Raeburn Henry Sir#Raemaekers Louis#Raetz Markus#Raffaëlli Jean-François#Raffalt Johann Gualbert#Ragat & Marsland, Manchester#Raggio Tommaso#Ragona A.#Ragot François#Rahl Carl Heinrich#Rahn Hans Rudolph#Raimondi Carlo#Raimondi Edoardo#Raimondi Marcantonio#Rainaldi Francesco#Raishō#Rajalin Borge#Rajon Paul Adolphe#Raku Kichizaemon IX (Ryonyu)#Raleigh Charles Sidney#Ralph Stevenson and Williams, Cobridge, England#Ram Johannes de#Ramberg Johann Heinrich#Ramboux Johann Anton#Ramers Del#Ramírez Martín#Rampoldi Carlo#Rams Dieter#Ramsdell Delia Maria#Ramshaw Wendy#Ramus Edmond Joseph#Rand Paul#Randlett Zillah#Randolph Benjamin#Randon Claude#Ranft Richard#Rankōsai#Ranshū#Ranson Thomas Frazer#Ransonette Charles Nicolas#Rantz Sylvia#Ranzenigo#Raphael (Raffaello Santi)#Raphaël Sylvain comte de Baudouin#Rapin Henri#Rapoport Debra#Rapp William D.#Rasch Anthony#Rashid Karim#Rasmusson Daniel#Rasp Carl Gottlieb#Rastaini Francesco#Rath Hans#Rath Heine#Rathod Saroj Chaterlai#Ratti Carlo Giuseppe#Ratti Giovanni Agostino#Rausch Leonhard#Rauschenberg Robert#Rauscher Carl#Rauscher Friedrich#Rauschner Christian Benjamin#Rauschner Johann Christoph#Ravano Francesco#Ravaure#Raven Servatius#Ravenna Glass Works, Ravenna, Ohio#Ravesteyn Jan Anthonisz. van#Rawak, New York, Paris#Rawlings Charles#Rawson Elizabeth A.#Ray and James Montague John#Ray Man#Ray Rudolf#Raymond Jean#Rayper Ernesto#Rè Marcantonio dal#Read Josephus#Read William H. J.#Readhead H.#Reading Burnet#Rease William H.#Rebecca Emes and Edward Barnard I, England (active London)#Rebeccah Emes and Edward Barnard, London#Rebell Joseph#Reber John#Reblando Jason#Reboux Caroline#Rechberger Franz#Recklinghausen Max von#Reclam Frédéric#Red Margaret#Red Wing Art Pottery, Red Wing, Minnesota#Redaway James C.#Redcliff Back pottery, Bristol, England#Reder Bernard#Redfield Edward Willis#Redfield Julia#Redfield Robert S.#Redgrave Evelyn#Redgrave Richard#Redi Tommaso#Redig Laurent Herman#Redleaf, Great Britain#Redon Odilon#Redouté Pierre Joseph#Reed & Barton, Taunton, Massachusetts#Reed C. W.#Reed Osmon#Reed Polly Ann (Jane)#Reeder Abner#Reeth Pierre Jan Baptiste van#Reeve Benjamin#Reeve Richard Gilson#Regemorter Ignatius Josephus van#Reggio (Raffaello Motta) Raffaellino da#Regnault Henri Victor#Regnault Henri-Georges-Alexandre#Regnesson Nicolas#Rehberg Friedrich#Reichek Elaine#Reichel Friedrich Daniel#Reid Laurie#Reijmyre Glassworks, Reijmyre, Sweden#Reily John#Reimer G. A.#Reinagle Philip#Reindel Albert Christoph#Reinhard Sophie#Reinhardt Ad#Reinhardt Carl August#Reinhardt Richard Hoffman#Reinhart Erminio#Reinhart Johann Christian#Reinhold Heinrich#Reinick Robert#Reinsperger Johann Christoph von#Reiter Bartholomäus#Reitz Donald L.#Reixac Joan#Reizan#Rejlander Oscar#Rekisentei Eiri#Rektorzik Franz Xaver#Rélin Pierre-Napoléon-Eugène#Rembrandt Harmensz. van Rijn#Remenick Seymour#Remmey Potteries, Philadelphia and New York#Remmy Henry H.#Remmy Richard C.#Rémond Charles#Remy Tejo#Renard Marcel#René Lalique et Cie, Wingen-sur-Möder and Combs-la-Ville, France#Reni Guido#Rennefeld Johann Heinrich Maria Hubert#Renoir Pierre-Auguste#Renouf Edda#Renoux Charles Caïus#Rentner Maurice#Renz Alfred#Reschi Pandolfo#Restout Jean Bernard#Rethel Alfred#Reutlinger Charles#Reverdy Georges#Revere Paul Jr.#Réville Jean Baptiste#Reyher Robert#Reyna Antonio#Reynard Grant#Reynier, Paris#Reynolds James#Reynolds Joshua Sir#Reynolds Samuel William#Reynolds William#Rezac Suzan#Rhein Nikolaus#Rhode Johann Gottlieb#Rhodes Zandra#Rhome Lily Blanche Peterson#Ri Seisho#Rialto#Riancho y Mora Agustin#Riart Carlos#Ribault Jean François#Ribera, also called Lo Spagnoletto José Jusepe de#Ribot Théodule#Ricard Louis-Gustave#Ricard Matthieu#Ricci Marco#Ricci Sebastiano#Ricciani Antonio#Ricciardi Cesare A.#Riccio (Bartolomeo Neroni)#Ricciolini Niccolò#Rice Henry W.#Rich John#Rich Obadiah#Rich's Men's Shoes, Washington, D.C.#Richard Chaffers and Co., Liverpool, England Chaffers Richard#Richard Gurney & Co., London, England#Richard M. Woods & Company, New York#Richard Whittingham Foundry, New York#Richards & Williamson#Richards Eugene#Richards Frederick DeBourg#Richards Samuel Jr.#Richards Walter DuBois#Richards William Trost#Richardson Francis Jr.#Richardson Francis Sr.#Richardson Jonathan Junior#Richardson Jonathan Senior#Richardson Joseph Jr.#Richardson Joseph Sr.#Richardson Mary#Richardson Ruth#Richet Léon#Richeton Léon#Richomme Théodore#Richter Adrian Ludwig#Richter August#Richter Christian#Richter Christian I#Richter Gerhard#Richter Gustav#Ridder Jan de#Ridding Thomas#Ridgway John#Ridgway William#Ridgway, Cauldon Place Works, Staffordshire, England#Ridinger Johann Elias#Ridinger Martin Elias#Ridley Matthew White#Ridley William#Rie Lucie#Riedel Anton Heinrich#Riedel Gottlieb Friedrich#Riedel Johann Anton#Riefstahl Wilhelm Ludwig Friedrich#Rieger Jakob#Riemerschmid Richard#Rienzi Luigi#Riepenhausen Franz#Riesener Jean-Henri#Rieter Jakob#Rietveld Gerrit Thomas#Riffaut Adolphe Pierre#Rigaud Hyacinthe#Rigaud Jacques#Riggs Richard#Righetti Francesco the Elder#Rihl Albert M.#Rihouët Louis Marie François#Rij-Rousseau Jeanne#Rijckelijckhuisen A. Hendrik James#Rikhaji#Riley John#Rimmer William#Rinehart William Henry#Ring Pieter de#Ringel d'Illzach Désiré#Ringgold Faith#Rinshun (or Chikaharu)#Rioja Baltasar de Echave#Riopelle Jean-Paul#Ripa Matteo#Risley Sidney#Risom Jens#Rist Gottfried#Rist Johann Christoph#Ritchie Alexander Hay#Ritman Louis#Rittase William M.#Ritter Eduard#Ritter Heinrich Wilhelm#Ritter Henry#Rivalz Antoine#Rivalz Bartholomé#Rive Roberto#Rivera Giovanni#Rivera José Diego María#Riviere Briton#Rivolta Francesco Maria#Roath H. A.#Robans Ann#Robbe Emmanuel#Robbe Louis-Marie-Dominique#Robbins#Robbins Frank#Robbins Hulda D.#Robbins, Clark, & Biddle, Philadelphia#Robert & Thomas Porteous, London Porteous#Robert and Samuel Hennell, London Hennell#Robert Cattle and James Barber, York, England (active York)#Robert Hennell I and David Hennell II, England (active London)#Robert Hubert#Robert Ramon Casas Dr.#Robert Rollins Blazers#Robert, called Robert de Séri Paul-Ponce-Antoine#Roberti Cesare#Roberts#Roberts Anna#Roberts Henry#Roberts Howard#Roberts Piercy#Roberts Trudie#Roberts, Cadman & Co., Sheffield, England#Robertson Anna Mary#Robertson Anne#Robertson Archibald#Robertson Hugh. C.#Robertson James#Robertson Patrick#Robes Eugenie Mme.#Robetta Cristoforo di Michele#Robillard N.#Robines Elizabeth#Robinson Bill#Robinson Boardman#Robinson Ed B.#Robinson Gladys Lloyd#Robinson Hugh C.#Robinson Israel#Robinson John#Robinson John Henry#Robinson John II#Robinson Sarah W.#Robinson Theodore#Roca Maria#Rocca Suellen#Rochas Marcel#Roché Henri-Pierre#Roche Thomas C.#Rochebrune Jean Bechon de#Rocher Charles#Röchling Carl#Rochussen Charles#Rockburne Dorothea#Rodchenko Aleksandr#Rode Christian Bernhard#Rode Johann Heinrich#Rodermondt Pieter#Rodick Frank#Rodin Auguste#Rodrigues Maria Luisa Doña#Rodríguez José Francisco#Roe Ebenezer#Roedel#Roentgen David#Roerich Nicholas Konstantinovich#Roericht Nick#Roesen Severin#Roestraten Pieter Gerritsz. van#Roëttiers François#Roettiers Jacques-Nicolas#Roffe Edwin#Roffe William#Rogalski Walter#Roger Camille#Roger Vivier for Christian Dior/for Delman Shoe Salon#Rogers Beulah W.#Rogers Dale#Rogers John#Rogers John C.#Rogers Mariah#Rogers Nathaniel#Rogers Phil#Rogers Randolph#Rogers Smith & Co., New Haven and West Meriden, Connecticut#Rogers William#Roghman Geertruydt#Roghman Roeland#Rogisanzky Joseph#Rohde Johan#Rohlfs Christian#Rohr Wilhelm#Rohrer Warren#Rojas Mersed#Rokesz van Dagen Hendrik#Rokkaen Yoshiyuki#Rol M.#Roli Giuseppe Maria#Roll Alfred#Rollet René#Rolls Charles#Romanet Antoine Louis#Romanoff Maya#Romberg Osvaldo#Rombouts Jan#Rombouts Theodor#Rome Stuart#Römer Emick#Romero Francesco#Romero Luis F.#Romero Marya Pyoqynta#Romès A.#Romeyn Willem#Romney George#Romney John#Ronay#Rond Chapeau, Paris#Rondanini Ludovica#Rondeau Legrand & Cie#Rondinelli Niccolò#Rönnebeck Arnold#Rookwood Pottery, Cincinnati, Ohio#Roos Johann Heinrich#Roos Joseph I#Roos Peter Philipp#Roosevelt Louise G. M. Mrs.#Root Marcus Aurelius#Rops Félicien#Roqueplan Camille Joseph Étienne#Rörstrand Fabriks, Stockholm#Rosa Francesco#Rosa Salvator#Rosaspina Francesco#Rosati Tony#Rosatti Ferrante#Rosbach Johann Friedrich#Rose H. L.#Rose Helen#Rose Ruth Starr#Rosée Christian#Rösel August Johann#Rosen Annabeth#Rosen Charles#Rosenbaum Company, Pittsburgh Pa#Rosenberg Ceil#Rosenberg James N.#Rosenberg Louis#Rosenberger Hans#Rosenblum Walter#Rosenquist James#Rosenstein Nettie#Rosenthal Max#Rosenthal Mia#Rosenthal's#Roser Ce#Rosetti Domenico Cavaliere#Rosina Ferragamo, Italy (Florence)#Rosol Martin#Rosotte Édouard#Ross Judith Joy#Rossbach Ed#Rosselli Bernardo di Stefano#Rosselli Cosimo#Rossena Angelo#Rossetti Dante Gabriel#Rossetti porcelain factory, Turin, Italy#Rossi Aldo#Rossi Andrea#Rossi D. Veremondo#Rossi Giovanni Giacomo de'#Rossi Girolamo I#Rossi Girolamo the Younger#Rossi Veremondo#Rossigliani, known as Niccolò Vicentino Giuseppe Nicola#Rossiter Charles#Rossman Michael#Rosso Medardo#Roszak Theodore J.#Rota Giuseppe#Rota Martino#Rotan Thurman#Rotari Pietro Antonio#Roth Arnold#Roth Dieter#Roth Ernest David#Roth Hans#Roth Heinrich#Rothenbusch Frederick Daniel Henry#Rothermel Peter Frederick#Rothko Mark#Rothschild Judith#Rothstein Arthur#Rothstein Jerome#Rottiers Bernard Eugéne Antoine#Roty Louis-Oscar#Rouart Ernest#Rouault Georges#Roudebush Henry#Roullet Jean Louis#Roundey Rebeckah#Rousseau François-Eugène#Rousseau Henri-Julien-Félix#Rousseau Irene#Rousseau Jacques#Rousseau Jean-François#Rousseau Philippe#Rousseau Pierre-Étienne-Théodore#Rousseaux Émile Alfred#Roussel Alcide#Rousselet Gilles#Rousselet Louis#Rouw Peter#Roux Antoine the Elder#Roux Frédéric#Rovere (called Il Fiamminghino) Giovanni Mauro della#Row David#Rowantrees Pottery, Blue Hill, Maine#Rowe Nellie Mae#Rowe of Bond Street, London#Rowe of Gosport, London#Rowland David#Rowlandson Thomas#Rowley Ann#Roy H. Bjorkman, Minneapolis, New York, Paris#Roy Ignaz van#Roy Jamini#Roy Jean-Baptiste de#Roy Pierre#Royal Copenhagen Porcelain Manufactory, Copenhagen#Roybet Ferdinand#Royce Oldric#Royes Solomon#Rozanova Olga Vladimirova#Rozier Jules Charles#Rozovsky Irina#Ruaud porcelain factory, Limoges, France#Rubati Pasquale#Rubens Peter Paul#Rubin Reuven#Rubincam Barclay#Rubincam Harry C.#Ruby, Philadelphia and New York#Rucci Ralph#Rucholle Petrus#Rücker Peter#Ruckman Johan Gustaf#Rudolf#Rudolph Norman Guthrie#Rudolphi Frédéric-Jules#Rue de Charenton manufactory, Paris#Ruellan Andrée#Ruffled Tulip Artist#Rugendas Christian#Rugendas Georg Philipp I#Rugendas Jeremias Gottlob#Rugendas Johann Lorenz I#Rugendas Johann Lorenz II#Rugg Richard#Ruhlmann Jacques-Émile#Ruisdael Jacob Isaacksz. van#Ruiter D.P.J. de#Ruiz Antonio#Ruley Ellis#Rumohr Carl Friedrich von#Rumpf Philipp#Runciman Alexander#Runge Philipp Otto#Ruoho Heikki#Ruotolo Onorio#Rupprecht Friedrich Carl#Ruscha Edward#Ruscheweyh Ferdinand#Ruscon J.#Rusconi Camillo#Rush William#Rushmore Jane#Rusiñol Santiago#Ruskin John#Ruslen John#Russ Karl#Russell & Bromley/melis, English#Russell Eric#Russell George#Russell John#Russell Joseph Shoemaker#Russell William#Russinger Laurentius#Rutka Dorothy#Rutland Robert#Ruysdael Salomon van#Ruyten Jan Michiel#Ruzicka Rudolph#Ryall Henry Thomas#Ryan Anne#Ryckaert David III#Ryckmans Nicolaes#Rye William Brenchley#Rykiel Sonia#Ryland William Wynne#Ryman Robert#Rysbraeck Pieter#Ryswyck Theodor van#Ryūen#Ryūkōsai Jokei#Ryūryūkyo Shinsai#Ryūsai Shigeharu#Rørbye Martinus Christian Wesseltoft