S & C Custom#S & C, Philadelphia#S. Bell and Sons, Strasburg, Virginia#S. R.#S. Tams & Co., Longton, Staffordshire, England Tams#Sa'd#Saar Alison#Saar Betye#Saarinen Eero#Sabatelli Francesco#Sabatelli Luigi#Sabatier Léon Jean-Baptiste#Sabatini Raphael#Sabatino de Angelis & Fils#Sabattini Lino#Sablet Jacques#Sablin Nadia#Sacchi Carlo#Saché John Edward#Sachs Heinrich#Sackriter David#Sacré Léon#Sadamasu II#Sadd Henry S.#Sadeler Aegidius II#Sadeler Jan I#Sadeler Jan II#Sadeler Justus#Sadeler Raphael I#Sadeler Raphael II#Sadeler Thomas#Saeda Makoto#Saenredam Jan Pietersz.#Saenredam Pieter Jansz.#Safer John#Saftleven Cornelis#Saftleven Herman#Sage Heinrich B.#Sagert Hermann#Saikō (Kizan)#Saikōtei Shibakuni#Sailliar Louis#Saint Daniel#Saint Phalle Niki de#Saint-Aubin Augustin de#Saint-Aubin Charles Germain de#Saint-Cloud porcelain factory, Saint-Cloud, France#Saint-Etienne Francisque de#Saint-Eve Jean-Marie#Saint-Gaudens Augustus#Saint-Gaudens Carlotta#Saint-Germain Jean-Joseph de#Saint-Hill Antoine#Saint-Mémin Charles Balthazar Julien Fevret de#Saint-Non Jean Claude Richard de#Saint-Urbain Ferdinand de#Saiter Gottfried#Saitō Kiyoshi#Saja Richard#Sakaguchi Hiro#Sakai Hōitsu#Sakamoto Yoshinobu#Saks Fifth Avenue#Sakwa Hap#Salamander Works, Woodbridge, New Jersey#Salandri Vicenzo#Salange de Fabry, Paris/Gimbel Bros., Made in France#Salasar Maria Manuela#Salathé Friedrich#Saldörffer Daniel#Saler Karen#Salgado Sebastião#Salimbeni Ventura#Salinas Juan Pablo#Salis-Soglio Pierre de Count#Sally Victor, New York#Salmincio Andrea#Salmon Émile Frédéric#Salmon Louis-Adolphe#Salomon Erich#Salon Moderne, Saks Fifth Avenue, New York#Salvador Carmona Juan Antonio#Salvador Carmona Manuel#Salvatore Ferragamo, Italian#Salvi Emilio#Salviati (Francesco de' Rossi, also called il Cecchino) Francesc#Salviati (Giuseppe Porta) Giuseppe#Samacchini Orazio#Samaras Lucas#Sambonet Roberto#Sampe Astrid#Samson porcelain factory, Paris#Samuel Hart and Company#Samuel Kirk & Son Company, Baltimore#Samuels A. R.#San Martino Marco#SANAA, Tokyo#Sanchez Emilio#Sanchez Marta#Sanchez Perrier Emilio#Sandby Paul#Sande Johannes van de#Sander August#Sander Jil#Sanders Maria Ann#Sanders Walter#Sandrart Jakob von#Sandrart Joachim von II#Sandys Frederick Augustus#Sangiorgi Michele#Sanju Mori II#Sano di Pietro#Sanshō#Sansinich Elisabeth#Santacroce (Gerolamo Galizzi) Gerolamo da#Santarelli Giovanni Antonio#Santi di Tito#Santiago Nelson#Santini Fausto#Santis Orazio de#Santoleri Paul#Santvoort Abraham Dircks#Sanuto Giulio#Saphire Rose#Sapojnikoff A. & W.#Sapper Richard#Sarah and John William Blake#Sarazin Jean-Philippe#Sarfati Lise#Sarfatti Gino#Sargent John Singer#Sargent Persis#Sarmi Ferdinando Count#Sarony Napoleon#Sarpaneva Timo#Sarreguemines pottery, Sarreguemines, France#Sartain John#Sartain William#Sartirana (also known as Ferdinando di Breme) Ferdinando di Duke#Sartirana R.#Sartorius Norm#Sasaki Atsushi#Sasaki Toshio#Sasgen Peter#Sasso Antonio#Sato Shikanosuke#Saudek Jan#Sauer Jane#Saunders#Saunders George Lethbridge#Saunders J.#Saunders John#Saunders Paul#Saunders Raymond#Saunders Sophia#Saunders Wade#Sauvage Piat-Joseph#Sauvé Jean#Savage Edward#Savart Pierre#Savery & Company, Philadelphia#Savery Jacob I#Savery Rebecca Scattergood#Savery Salomon#Savery William#Savitsky Jack#Savonnerie carpet manufactory, Paris#Savory Adey Bellamy#Savoye Daniel de#Sawers Alison#Sawyer Edith#Sawyer Richard#Sax Sara#Say William#Sayers James#Scaasi Arnold#Scacciati Andrea#Scalberghe Pierre#Scaramuccia Luigi Pellegrini#Scarpa Afra#Scarpa Tobia#Scarselli Girolamo#Scarsellino (Ippolito Scarsella)#Sceaux pottery and porcelain factory, Sceaux, France#Schachmann Carl Adolph Gottlob von#Schad Aquilin#Schadink#Schadow Johann Gottfried#Schaechter Judith#Schaefels Hendrik Frans#Schaeferin Anna Catharine#Schaep Hendrik Adolf#Schaep M.#Schaepkens Alexander#Schaepkens Theodor#Schäffer August#Schäffer Eugen Eduard#Schaffner Martin#Schalcken Godfried#Schallhas Carl Philipp#Schamberg Morton Livingston#Schanck Garret#Schanker Louis#Schantz Catharine Elemina#Scharf Kenny#Schäufelein Hans Leonhard#Schaumburg Jules#Schaur Franz Sebastian#Schauta Friedrich#Schawinski Alexander (Xanti)#Schedoni Bartolomeo#Scheffer Cornelia#Scheffer von Leonhardshoff Johann Evangelist#Scheffl Augustin#Scheffler Horst#Scheggia (Giovanni di Ser Giovanni)#Scheier Mary#Scheits Andreas#Scheits Mathias#Schell Sherril#Schellenberg Johann Rudolf#Schellinks Willem#Schenau (born Johann Eleazar Zeissig) Johann Eleazar#Schenk Jan#Schenk Leonardus#Schenk Pieter#Schenker Nicolas#Schermer Cornelis Albertus Johannes#Scherr Emilius Nicolai#Scheuchzer Caspar#Scheyndel Gillis van#Schiaminossi Raffaello#Schiaparelli Elsa#Schiavo (Paolo di Stefano Badaloni) Paolo#Schiavone (Andrea Meldolla) Andrea#Schiavonetti Luigi#Schiavonetti Nicolo#Schiavoni Natale#Schick Marjorie#Schiesl Ferdinand#Schifano Mario#Schiffers#Schiffner Gottlieb#Schimmel Wilhelm#Schindler Johann Josef#Schinkel Karl Friedrich#Schinkle John#Schira Cynthia#Schirmer Johann Wilhelm#Schleich Adrian#Schleich Anton#Schlembach M.#Schlesinger Henri-Guillaume#Schleuen Johann Friedrich#Schley Jacob van der#Schlick Gustav#Schlotterbeck Christian Jakob#Schlumberger Jean#Schlumbohm Peter#Schmalz Herbert Gustave#Schmidt Christopher#Schmidt Georg Friedrich#Schmidt Heinrich#Schmidt Heinrich Friedrich Thomas#Schmidt Johannes#Schmidt M.#Schmidt Martin Johann#Schmidt Mathias#Schmidt Nikolaus the Elder#Schmidt Wilhelm#Schmit Jean Philippe#Schmitson Teutwart#Schmoele & Co., Philadelphia#Schmolze Carl Hermann#Schmotzer Teresa#Schmutzer Andreas#Schmutzer Jacob Matthias#Schnabel Julian#Schnebbelie Robert Blemmell#Schnee Joseph#Schneider Michael#Schnell Johann Conrad II#Schnorr von Carolsfeld Hans Veit Friedrich#Schnorr von Carolsfeld Julius#Schock Maya#Schödlberger Johann Nepomuk#Schoen Eugene#Schoevaerdts Mathys#Schofield Walter Elmer#Scholl Jacob#Scholl William#Scholt I.#Schon Carl#Schön Lorenz#Schönberger Lorenz Adolf#Schönfeld Johann Heinrich#Schongauer Ludwig#Schongauer Martin#Schönn Alois#School of Sesshū Tōyō, Japan#Schooten Joris van#Schorr Collier#Schrag Karl#Schrager Victor#Schratzenstaller Georg Jacob#Schreckeisen Peter#Schreider J. Mme.#Schreuder Bernhard#Schreyer Adolf#Schreyer Edward P.#Schreyer Johann Friedrich Moritz#Schreyer Lothar#Schröder Carl#Schröder Franz Adam#Schroeder Friedrich#Schroedter Adolph#Schubert Franz August#Schuberth Emilio#Schuchardt Johann Christian#Schuech Anton#Schuessele (Schussele) Christian#Schuler Charles Auguste#Schuler Charles Louis#Schuler Édouard#Schultheiss Albrecht Fürchtegott#Schultz Johann Heinrich Karl#Schultz Johann Karl#Schultz Richard#Schultz-Wettel Fernand#Schultze C. F.#Schultze P.#Schulz John#Schulze Christian Gottfried#Schulze Paul#Schumacher Carl Georg Christian#Schumann Johann Gottlob#Schuppen Peter Ludwig van#Schurman Anna Maria von#Schurtz Cornelius Nicolaus#Schut Cornelis#Schutz Anton#Schütz Christian Georg I#Schütz Hermann#Schutz J.#Schwab Johann Caspar#Schwabacher Ethel#Schwanhardt Heinrich#Schwanthaler Ludwig von#Schwarm Larry#Schwartz Aubrey#Schwartz June#Schwartz Manfred#Schwarz Paul Wolfgang#Schwarzburg-Rudolstadt Ludwig Friedrich von Prince#Schwegman Hendrik#Schweickart Heinrich Wilhelm#Schweigger Georg#Schweizer Johann#Schwertfeger (probably Thomas Rücker) Master Thomas der#Schweyer Jeremias Paul#Schwind Moritz von#Schwippert Hans#Schwitters Kurt#Sciarrotta Alfredo#Scofield John#Scolari Giuseppe#Scoles John#Scoppa Giuseppe#Scorel Jan van#Scorodomoff Gawril#Scot Robert#Scotin Gérard I#Scotin Gérard-Jean-Baptiste#Scotin Jean-Baptiste#Scotin Jean-Baptiste#Scotin Louis Gérard#Scott Edmund#Scott J. H.#Scott Joyce J.#Scott Samuel#Scott William Bell#Scotti Carlo#Scotto Girolamo#Scriven Edward#Scudders Pottery Company, Huntington, New York#Scully Sean#Scultori Adamo#Scultori Diana#Scultori Giovanni Battista#Seal William#Searles Charles#Sears Sarah#Seaver Hugh#Seberth Wilhelm Jakob#Sedgwick Barbara#Sedman Vickie#Seeley George H.#Sefarbi Harry#Segal George#Ségé Alexandre#Seghers Cornelius Johann Adrianus#Seghers Daniel#Séguin & Co., Lyons, France#Seibertz Engelbrecht#Seide Paul#Seidel Gustav#Seidman Anne#Seifert and Company, Mechanicsburg, Cumberland County, Pennsylva#Seiffert Florian#Seifū Yohei#Seiji Kaisha, Arita, Japan#Seikō#Seinsheim August von Count#Sekihō Dōjin#Sekino Jun'ichirō#Sekkoku#Sekoto Gerard#Selb Joseph Anton#Seligmann Kurt#Sellaio (Jacopo di Archangelo) Jacopo del#Sellers Anna Peale#Sellers Edith Claypole Miss#Sellers Randall#Sellers Sophonisba Angusciola Peale#Sellier Louis#Selma Fernando#Selzer John#Semmler August#Sempé Inga#Sengel David#Seniuk Laurie#Senrei Hata#Sensai Eitaku#Senus Willem van#Seo Hangyu#Seo Taek#Sergent-Marceau Antoine François#Serisawa Sueo#Serizawa Keisuke#Serl Jon#Serné Adrian#Serra Richard#Serwouters Peter#Serz Johann Georg#Setletzky Balthasar Siegmund#Seto Hiroshi#Setsuzando#Seupel Johann Adam#Seurat Georges#Seusenhofer Jörg#Seutter Johann I#Séverin Antoine#Severini Gino#Severn Walter#Severo da Ravenna#Sévin Louis-Constant#Sevo Ferdinando#Sèvres porcelain factory, Sèvres, France#Sewing Society of the First Baptist Church, Philadelphia#Seydel Gottfried#Seyfert Johann Gottlieb#Seymour Harry A.#Seymour John and Thomas#Seymour Ralph Fletcher#Seymour Robert#Seymour Samuel#Shade Elizabeth#Shade P.#Shahn Ben#Shakuhachi Jakugon#Shakya Gelong Changra Tulku Choje Gewang#Shamask Ronaldus#Shames Stephen#Shaner David#Shannon Charles Hazelwood#Shannon Elizabeth#Shannon Ellen Ann#Shannon Harriet#Shao Mi#Shapiro Joel#Shapiro Sidney#Sharp George B.#Sharp John#Sharp William#Sharp William#Sharp William#Sharples James#Sharpless Benjamin H.#Shattuck Aaron Draper#Shattucks Emily#Shaw Charles Green#Shaw John#Shaw Joshua#Shaw Richard#Shaw T. S.#Shaw Thomas#Shaw William Clarke#Shearer#Sheeler Charles#Sheets and Duffy, Philadelphia#Sheikh Fazal Ilhai#Shelley Samuel#Shen Yu#Shen Yuan#Shen Zhou#Shenango Pottery Company, New Castle, Pennsylvania#Shenfelder Daniel P.#Shenton Henry Chawner#Shepard and Company, New York#Sheppard Warren#Sherborn Charles William#Shere Samuel#Sherlock William#Sherman Cindy#Sherman Sondra#Sherratt Thomas#Sherwin William#Sheward Elizabeth#Shiba Kōkan (also called Suzuki Harushige)#Shibanami#Shibata Zeshin#Shields Alan#Shields Thomas#Shiina Isamu#Shillea Thomas#Shilling David#Shima Tamami#Shimamaru#Shimboku Kano#Shimokōbe Shūsui#Shimotsuma Shōshin#Shin Young-ok#Shindel Sophia#Shinn Phoebe#Shinozuka Yuko#Shinwa#Shiokawa Bunrin#Shippo Co.#Shipway Charles#Shirk Helen#Shiro Kuramata#Shiryū Morita#Shiving Godfrey#Sho Kato#Shōchōrō Kansai#Shoda (Kiroku) Koho#Shoe Fashion Guild#Shōeki#Shoemaker Jonathan#Shoemaker Joseph#Shokado Shojo#Shokler Harry#Shōkōsai Hanbei#Shōmura Ken#Shōno Tokuzō#Shore Stephen#Shōsai Ikkei#Shōtei Hokuju#Shreve & Company, San Francisco#Shruder James#Shuji Asada#Shuji Takahashi#Shuker Henry#Shulman Morris#Shuman Elcy#Shunbaisai Hokuei#Shunkei Toshiro#Shunkōsai Hokushū#Shunsei#Shunshōsai Hokuju#Shunyōsai Shunshi#Siberechts Jan#Siccrist Johann M.#Sichem Christoffel van I#Sichem Christoffel van II#Sichling Lazarus Gottlieb#Sickels Maria H.#Sidibé Malick#Sieborouski Paul#Siedentopf Christian#Siegel Adrian#Siegl Helen#Sieminski Rob#Siena James#Signac Paul#Signorelli Luca#Sika Jutta#Sikander Shahzia#Sillig Georg Viktor von#Silvani Ferdinando#Silver Michael#Silver Studio, London#Silverstein Louis#Silvestre Israël#Silvestre Suzanne#Simeon#Simes William Cadogan#Simmler Friedrich Karl Joseph#Simmons & Williamson, Philadelphia#Simmons Anthony#Simmons Laurie#Simmons William Henry#Simon#Simon Elizabeth#Simon George Viscount Nuneham (later 2nd Earl Harcourt)#Simon Jean#Simon Lucien#Simon Pierre#Simon Stella#Simonet Jean-Baptiste#Simonetta, Rome#Simonini Francesco#Simonneau Louis#Simons Brothers & Company, Philadelphia#Simonsen Trine Kryger#Simpson#Simpson Adele#Simpson Annette#Simpson Lorna#Simpson Martin#Simpson William#Simpson, Hall, Miller & Co., Wallingford, Connecticut#Sin Wi#Sinclair Clive#Sinclair William#Sindler Johann Georg#Singendonk Diederick Jan#Singer Simon#Singh Dayanita#Singh Raghubir#Singleton Herbert#Sintzenich Heinrich#Šípek Borek#Siporin Mitchell#Siqueiros David Alfaro#Sirani Elisabetta#Sirani Giovanni Andrea#Sirchio Haute Couture, New York#Sisco Louis Hercule#Siskind Aaron#Sisley Alfred#Sittow Michel#Sivalli Luigi#Sixdeniers Alexandre Vincent#Sizler Louis#Skeen & Company#Skinner Christopher#Skinner Rebecca Ann#Skoogfors Olaf#Slack John#Slack Richard#Slater James#Sleath Gabriel#Sleigh John#Slentz Jack#Sligh Clarissa#Slimane Hedi#Sloan John#Sloan Louis Baynard#Sloane Adrienne#Sloane Dorothy Kass#Sloane Thomas O'Conor Jr.#Slobodkina Esphyr#Slocombe Frederick Albert#Slutzky Robert#Sluyter Dirk Juriaan#Sly S.#Small Margaret#Small Neal#Smallfield Frederick#Smart John#Smed Peer#Smedley Enos#Smees Jan#Smiadecki Franciszek#Smibert John#Smith and Company, Philadelphia#Smith Ann#Smith Carter#Smith Charles W.#Smith Corona, Syracuse, New York#Smith David#Smith Edward#Smith Elizabeth#Smith Elizabeth#Smith George II#Smith George Ralph#Smith Graham#Smith Graham#Smith Henry Holmes#Smith J. B.#Smith Jessie Willcox#Smith John#Smith John Raphael#Smith John Thomas#Smith Kiki#Smith Michael A.#Smith Mike#Smith of Chichester George#Smith of Chichester John#Smith Patricia M.#Smith Paul#Smith Priscilla A.#Smith Richard#Smith Susanna Gillies#Smith T. Henry#Smith Vincent D.#Smith W. Eugene#Smith Willi#Smith William#Smith William E.#Smith William I#Smith William James#Smith Willoughby#Smith Xanthus#Smith, Fife & Co., Philadelphia#Smither James#Smithson Robert#Smits Eugeen#Snatt Josiah#Snyders Frans#Snyers Hendrik#Sǒ Chang#Sobokai#Soby James Thrall#Société Anonyme Holophane (Verlys), Les Andelys, France#Söckler Johann Michael#Söderdahl Johan#Sodoma (Giovanni Antonio Bazzi)#Soejima Sōkai#Soga Shohaku#Soglow Otto#Sōhaku#Sohn Carl Ferdinand#Sokuhi Nyoitsu#Sol X.#Solario Andrea#Soldner Paul#Sole Giovan Gioseffo dal#Sole Giovanni Battista del#Solimena (called l'Abate Ciccio) Francesco#Solis Virgil#Solle Lydia#Solomon Bell and Son, Strasburg, Pennsylvania#Solon Léon Victor#Solon Marc-Louis-Emmanuel#Som Peter#Somer Jan van#Somer Mathias van#Somer Paulus van II#Somerville Francis#Sommer William#Sommerau Ludwig#Sompel Pieter van#Son Man Jin#Sonderland Johann Baptist#Sonnenleiter Johannes#Sonnette#Sonnier Keith#Sonrel Antoine#Sony Design Center, Sony Corporation#Sophie#Sophie Petit, Milan#Sophy Nancy#Soreau Isaac#Soreff Helen Nonides#Sorg Jörg the Younger#Sorgh Hendrick Martensz.#Soriano Juan#Sorlien Sandy#Sornique Dominique#Sorolla y Bastida Joaquin#Sorosis#Sorrells-Adewale Edgar#Soshin#Soster Bartolomeo#Sotter George#Sottsass Ettore#Soubeyran Pierre#Soudeikine Sergei#Soule John P.#Soule William Stinson#Sourches Marquis de#South Bend Bait Co.#Southworth & Hawes, Boston#Soutine Chaim#Soutman Pieter Claesz.#Souverbie Jean#Soye Philippe de#Soyer Moses#Soyer Raphael#Spada David#Spandorfer Merle#Spanish Forger The#Spanzotti Giovanni Martino#Sparks Meredyth#Sparrow Samuel#Sparrow Simon#Sparrow Thomas#Speakman Esther#Speckter Otto#Spector Shelley#Speel Catharine Ann#Speeler Pottery Co., Trenton, New Jersey#Speer Martin#Speight Francis#Speller Henry#Spence Alexander#Spence Andrew#Spence Benjamin Edward#Spencer Co., New Haven, Conn.#Spencer Ema#Spencer Gervase#Spencer Lilly Martin#Spencer Lori#Spencer Louisa#Spencer Robert#Spero Nancy#Speth Karl Otto#Speyer Clara Mrs.#Speyer Georg Friederich#Spiegel Isaac#Spiegelman Art#Spierincks Karel Philips#Spierre François#Spiess August Friedrich#Spillberg Gabriel#Spillenberger Johann Martin#Spilman Henricus#Spilsbury Francis I#Spinelli Niccolò#Spinner David#Spirinx Louis#Spiro Lisa#Spitalfields#Spline J.#Spode pottery and porcelain factory, Staffordshire, England#Spohn Clay#Sporting Footwear Mfg. Corp.#Spranger Bartholomeus#Spratling William Philip#Spratt George#Spreti Carl von Count#Spring Garden Glass Works, Baltimore#Springer Cornelis#Springfoot Sox, American#Springinklee Hans#Springsguth Samuel#Sprosse Carl Ferdinand#Sprouse Stephen#Spruance Benton Murdoch#Spruyt Philippe Lambert Joseph#Squib (probably a pseudonym for Isaac Cruikshank) Ty#St. Anthony's Pottery, Newcastle-on-Tyne, England#Staatliche Porcelain Works, Saint Petersburg#Stabilimento Stefano Johnson, Milan#Stäbli Diethelm Rudolf#Stadler Franz von#Staffel Rudolf#Staffordshire potteries, Staffordshire, England#Stagnon Giovanni Battista the Younger#Stalburch Jan van#Stamern Magdalena#Stamm Clemens#Stamm Johann Gottlob Samuel#Stamos Theodoros#Stamp James#Stamper Maybelle Richardson#Stanbery Katharine Steward#Standard Radio Corporation, Tokyo, Japan#Stang Rudolf#Stange Carl Friedrich#Stanier R.#Stankard Paul J.#Stankiewicz Richard#Stannard Joseph#Stanton Edward#Stanton Lucy May#Stapler Fabrics, Philadelphia#Staples Tamara#Starck Philippe#Stark Carl#Stark James#Stark Jean Reist#Starling M. J.#Starn Doug#Starnina (Gherardo di Jacopo di Neri)#Starr Mackey#Stasik Andrew#Stauber Carl#Stead William#Stearns Thomas#Steelink Willem I#Steen Franciscus van der#Steen Jan#Stefanoni Pietro#Steffeck Carl Constantin Heinrich#Steffelaar Cornelis#Steffen Bernard Joseph#Steichen Edward#Steidner Daniel#Steifensand Xaver#Steiger Walter#Steigerwalt Boot Shop, Philadelphia#Stein August Ludwig#Steinberg Saul#Steinberger Johann Christoph#Steinbrück Eduard#Steinegger J.#Steiner Emmanuel#Steiner Joan#Steiner Johann Conrad#Steiner Johann Nepomuk#Steiner Ralph#Steinfeld Wilhelm#Steinfurth Hermann#Steinhammer Friedrich Christoph#Steinhauser Judith#Steinla Moritz#Steinle Edward Jakob von#Steinlen Théophile-Alexandre#Steinman George#Steinmetz Leon#Steinmüller Joseph#Stella Frank#Stella Guido Balsamo#Stella Jacques#Stella Joseph#Stengel Stephan von Baron#Stenvall John F.#Stephan Joseph#Stephany Louis F.#Stephen John#Stephenson James#Sterling Company, Providence, Rhode Island#Stern Andrea#Stern Ludovico#Sternberg Harry#Sterne Hedda#Sterne Maurice#Sterner Albert#Steth Raymond#Stetson Hats#Stettheimer Florine#Steuben Glass, of Corning Glass Works, Corning, New York#Stevens Alfred-Émile-Léopold#Stevens Frances Simpson#Stevens Francis#Stevens G.#Stevens Joseph#Stevens Léopold#Stevens May#Stevenson Frances McAllister#Stevenson Ralph#Steward Joseph II#Stewart Bud#Stewart James#Stewart Lizbeth#Stidstone Elizabeth Ann#Stidstone Mary Frances#Stieff Company, Baltimore#Stiegel Henry William#Stiegel's American Flint Glass Company, Manheim, Pennsylvania#Stieglitz Alfred#Stilke Hermann Anton#Still Nanny#Stillman William James#Stimmer Tobias#Stirling Edmund#Stiver Martha P.#Stobbaerts Jan#Stöber Franz Xaver#Stock Andreas#Stockar John Martin#Stocki Elaine#Stockman & Pepper, Philadelphia#Stockman Jacob#Stockmar family#Stocks Lumb#Stocksdale Robert#Stodart Edward William#Stoddard Alice Kent#Stoddard Glass Works, Stoddard, New Hampshire#Stoecklin Niklaus#Stofflet Heinrich#Stokes Willie#Stolfa Sarah#Stölzel Christian Ernst#Stölzel Christian Friedrich#Stone Arthur#Stone Frank#Stonhouse Charles#Stonorov Oskar#Stoop Dirck#Stopendael Bastien#Storer James Sargant#Storer Johann Christophorus#Störklin (or Störchlin) Johann Joseph#Storm van's-Gravesande Carel Nicolaas#Storno Design, Berlin, Germany#Storr Paul#Story-Maskelyne Nevil#Stothard Charles Alfred#Stout John Jacob#Stout Myron#Stout Samuel#Stow John#Stowell M. Louise#Strack Ludwig Philipp#Strada Vespasiano#Strahan Alexander James#Strand Paul#Strant Daniel van#Strant Wilhem van#Strasbourg faience factory, Strasbourg, France#Strasburg Johanna#Strauch Georg#Strauch Lorenz#Strauch Stephan#Strauss Zoe#Strawbridge & Clothier#Strawbridge & Clothier, Philadelphia#Strawhen Thomas#Strean Maria Judson#Strebele Johann#Streeck Hendrik van#Streeck Juriaen van#Street Robert#Street W. J.#Streeter Muriel#Streetin Thomas#Strega#Strenge Christian#Strengell Marianne#Stretch Thomas#Strickland William#Strij Abraham van#Stringa Francesco#Strixner Johann Nepomuk#Stroblberger Johann#Stromair (etcher) Hans#Strömholm Christer, estate of#Stroobant François#Stroud Peter#Stroud William#Strozzi (Zanobi di Benedetto di Caroccio degli Strozzi) Zanobi#Strozzi Bernardo#Struss Karl F.#Strutt Jacob George#Strutt Joseph#Stuart Gilbert Charles#Stuart Michelle#Stubbs & Kent, Longport, Staffordshire#Stubbs George#Stubbs Joseph#Stubbs Vaughn#Stuck Franz von#Studio OPI, Italy#Stuempfig Walter Jr.#Stuerhelt François#Stuhlmann Heinrich#Sturges Dwight Case#Sturges Jock#Sturt John#Stürzer Cajetan#Su Chao#Su Shi#Suavius Lambert#Subercaze Léon#Subleyras Pierre Hubert#Sucesores de Hernando, Arenal, 11, Madrid#Sudduth Jimmy Lee#Sudek Josef#Sudo Reiko#Suetin Nikolai Michailowitsch#Sugimoto Hiroshi#Suirei#Suishin Chikushi#Sullivan Louis#Sully Lawrence#Sully Thomas#Sulzer Alexandre#Summa Susan#Summers Carol#Sumner William#Sun Qua#Sun Yunjuan#Sunderland potteries, Sunderland, England#Sundow Franz#Suntach Giovanni#Sunyer y Miró Joaquín#Surugue de Surgis Louis de#Surugue Pierre Louis de#Susan Bennis/Warren Edwards, New York#Susan Gail Original#Susan Robert#Sussel-Washington Artist#Süssmuth Richard#Sustermans Justus#Suta Romans#Sutherland Thomas#Sutkowski Rosalind#Suttie Robina#Sutton James#Suyderhoef Jonas#Suzanne Couture Millinery, New York#Suzanne et Roger, New York#Suzanne François Marie#Suzuki Harunobu#Suzuki Hyakunen#Suzuki Masanao#Suzuki Masaya#Suzuki Seiichiro#Suzuki Tomio#Svensson Tore#Swain Joseph#Swan Hill Pottery, South Amboy, New Jersey#Swan John MacAllan#Swan Robert#Swanenburgh Willem#Swanevelt Herman van#Swank Luke#Swatch AG, Biel, Switzerland#Swears and Wells, London#Sweerts Michiel#Sweet Walter H.#Swidde Willem#Syaji#Symonds Pentecost#Syng Philip Jr.#Syng Philip Sr.#Syng Richard#Sypen J. B. van der#Sysang Johann Christoph#Szapocznikow Alina#Sze Sarah#Sziládi Mónika