T. & J. Creswick, Sheffield, England#T. & J. Robinson, Pittsburgh#T. C. Hoffers, Rotterdam, Netherlands#T. F. Albright, Philadelphia#T. G.#T. G. Green, Derbyshire, England Green T. G.#T. L. Bear, Camden, New Jersey#Taaffe Philip#Taback Carol#Tabaimo (Ayako Tabata)#Tabard Maurice#Tabby & White (pseudonyms for Isaac Cruikshank)#Taboada Marcela#Tachibana Morikuni#Tack Augustus Vincent#Taddei Antonio#Taddeo di Bartolo#Taeuber-Arp Sophie#Tagliacozzo Elisa#Tagliapietra Lino#Tagore Rabindranath#Taguchi Beisaku#Taguchi Toshinobu II#Taïée Alfred#Taigaku#Tait Agnes#Taitt Benjamin#Taizan#Takaezu Toshiko#Takahashi Biho#Takahashi Kaishū (Isamu)#Takahashi Rikio#Takahashi Toshihiko#Takahashi Yoshio#Takamura Toyochika#Takasai#Takata Sampei#Takeuchi Seihö#Takiguchi Shuzo#Talbot Suzanne#Talbot William Henry Fox#Talwin & Foster, Bromley Hall, Middlesex, England#Tam Vivienne#Tamagno Maurice(?)#Tamayo Rufino#Tamikuni#Tanabe Reiko (Murai)#Tanabe Takeo#Tanaka Kyokushō#Tanaka Ryōhei#Tanaka Takashi#Taney Jacob#Táng Rén Zhāi#Tang Yin#Tanguy John#Tanguy Kay Sage#Tanguy Yves#Tani Bunchō#Tanjé Pieter#Tanner Henry Ossawa#Tanning Dorothea#Tannyū (10th Raku Potter)#Tant William#Táo Gùi#Tappe Inc., New York#Tarbell Edmund Charles#Tardieu Alexandre#Tardieu Jacques Nicolas#Tardieu Nicolas Henri#Tardieu Pierre François#Targee John#Tarver Ron#Tassaert Jean-Pierre-Antoine#Tassaert Octave#Tassaert Paul#Tassaert Philippe Joseph#Tassell Gustave#Tassie James#Tate Sarah G.#Tatiana of Saks Fifth Avenue#Taunay Nicolas-Antoine#Taurel Charles Édouard#Tavernier Ernest Louis#Tawaraya Sōri#Tawaraya Sōtatsu#Tawney Lenore#Tayler John Frederick#Taylor & Hinsdale, New York#Taylor & Lawrie, Philadelphia#Taylor (Mrs. Robert Coleman) Lillian Gary#Taylor Abraham#Taylor Alfred#Taylor Charles#Taylor Charles Andrew#Taylor Charles J.#Taylor Emily Drayton#Taylor F. Walter#Taylor George W.#Taylor James E.#Taylor Janet#Taylor John (Jack) Williams#Taylor Joseph#Taylor Mary Richardson#Taylor Prentiss#Taylor Robert#Taylor Sarah Mary#Taylor Shoemaker, London#Taylor William#Tayou Pascale Marthine#Tchelitchew Pavel#Tecnica, Italy#Tegelsten Carl Johan#Tegner Isaac Wilhelm#Teichel Albert#Teichel Franz#Teisai Hokuba#Temini Giovanni#Tempesta Antonio#Teng Gui#Teniers David II#Tenniel John#Terrey John Edward#Terrey John Edward#Terry Ann#Terry Garnett#Tessier Louis#Testa Giovanni Cesare#Testa Pietro#Testana Giuseppe Maria#Testelin Louis#Tetar-van Elven Jean-Baptist#Tete Jeanne#Tetzlaff Johana#Teucher Johann Christoph#Tevet Nahum#Texier G. (Gabriel?)#Texier Victor André Louis#Teyler Johannes#Teyman Caspar#Teyssonnières Pierre#Thaeter Julius Caesar#Thallmaier Franz Xaver#Thang Len#Thaulow Frits#The Harper Shoe Company, Philadelphia#The Tailored Woman#Theatral Photo Co., New York#Theel Raymond Johnstone#Theis Stephen#Thek Paul#Thelott Ernst Carl Gottlieb#Thénot Pierre#Theobald Jean G.#Thery Arnold#Thez A.#Thibault and Brothers, Philadelphia#Thiboust Benoît#Thiebaud Wayne#Thiébault A.#Thiébault Jean-Baptiste#Thiele Johann Alexander#Thiele Johann Friedrich Alexander#Thier Bernhard Heinrich#Thiermay Daniel#Thiers Baron de#Thill Johann Karl von#Thiry Léonard#Thoman Hans#Thomas & William Simpson, England (active Birmingham)#Thomas Alma#Thomas and Joseph Guest and Joseph Cradock, England (active London)#Thomas Brooks and Company, Brooklyn, New York#Thomas Carrie Bonivul#Thomas G. Brown & Sons, New York#Thomas Gwenn#Thomas Haig's Pottery, Philadelphia#Thomas Hoyle & Sons, Manchester, England#Thomas Lucinda#Thomas Martha Gray#Thomas Mayer, Stoke-on-Trent, England#Thomas N.#Thomas Northcote and George Bourne, England (active London)#Thomas Phipps and Edward Robinson II, England (active London)#Thomas Robert Kent#Thomas Simpson and Son, England (active Birmingham)#Thomas Townsend & Crompton, London#Thomas Vickers and Son, West Whiteland Township, Pennsylvania#Thomas Webb & Sons, Stourbridge, England#Thomas Whalley & Co., Manchester, England#Thomas Whieldon's pottery factory, Staffordshire, England Whield#Thomas William Luson#Thomas Willmore and James Alston, England (Birmingham)#Thomas, London#Thomasse Adolphe#Thomassin Henri-Simon#Thomire Pierre-Phillippe#Thomon Thomas de#Thompson Bob#Thompson George#Thompson John#Thompson Margaret D.#Thompson Mary Ann#Thompson Sarah Montgomery#Thomson James#Thomson Peter#Thon Sixt Armin#Thoner Arno#Thorne, Philadelphia#Thorne-Thomsen Ruth#Thorning Jens Christian#Thorpe Jay#Thorvaldsen Bertel#Thourneysen Johann Jacob II#Thourneyser Johann Jacob#Thouron Jacques#Thrall Arthur#Thrash Dox#Thulden Theodor van#Thun Matteo#Tibaldi Domenico#Tiberino Ellen Powell#Ticci Tonetto, Los Angeles Tonetto Neglia#Tiebout Cornelius#Tiefenbronn Carl#Tiel Vicky#Tiepolo Giovanni Battista#Tiepolo Giovanni Domenico#Tieze Franz#Tiffany & Company, New York#Tiffany Glass and Decorating Company, Corona, New York#Tiffany Glass Company, New York#Tiffany Louis Comfort#Tiffany Studios, Corona, New York#Tifft & Whiting, North Attleboro, Massachusetts#Tigerman Stanley#Tilche Paolo#Tillett#Tillett D. D.#Tilliard Jean Baptiste#Tillmans Wolfgang#Tilson Joe#Tingley Samuel#Tinguely Jean#Tinti Camillo#Tinti Lorenzo#Tintoretto (Jacopo di Giovanni Battista Robusti)#Tinworth George#Tippen Henry#Tischbein (called Goethe-Tischbein) Johann Heinrich Wilhelm#Tischbein Johann Heinrich I#Tischbein Johann Heinrich II#Tischler Anton#Tisdale David#Tissot James-Jacques-Joseph#Titarenko Alexey#Titian (Tiziano Vecellio)#Tito Diego Quispe#Tittle Walter Ernest#Tlingit or Haida Indians#Toda Giuseppe Antonio#Toedtemeier Terry#Toft Thomas#Tognola Luigi#Toikka Oiva#Tōjūsai Sharaku#Tokio Kamagai#Tokugai#Tokumaru Kyoko#Tokuriki Tomikichirō#Tokuyama Gyokuran#Tokyo Telecommunications Engineering Corporation, Tokyo#Tol Dominicus van#Tolliver Mose#Tomatsu Shomei#Tomba Giulio#Tomikuni#Tominaga Naoki (Yoshio)#Tomitani#Tomiyuki#Tomkins Peltro William#Tommaso del Mazza (Master of Santa Verdiana)#Tompion Thomas#Tompson Thomas#Tooker George#Toorenvliet Jacob#Top Hat#Topchevsky Morris#Topham Francis William#Topolski Felix#Toré#Torii Ippō#Torii Kiyohiro#Torii Kiyomasu I#Torii Kiyomasu II#Torii Kiyomine#Torii Kiyomitsu I#Torii Kiyonaga#Torii Kiyonobu I#Torii Kiyonobu II#Torii Kiyoshige I#Torii Kiyotada I#Torii Kiyotsune#Tornau Wilhelm#Torond F.#Torrente#Torres-García Joaquín#Torri Flaminio#Toru Matsushita#Tosa Mitsuoki#Toscani (Giovanni di Francesco Toscani) Giovanni#Toscani Francis#Toschi Paolo#Toshiaki#Toshikage#Toshimasa Watanabe#Totoya Hokkei#Totten S. J. Miss#Toulouse-Lautrec Henri de#Tōun#Tournai porcelain factory, Tournai, Belgium#Tourny Joseph Gabriel#Tourtin Joseph Marie Hyacinthe#Toussaint Henri#Towell Larry#Tower James#Towle Manufacturing Co., Newburyport, Massachusetts#Townsend & Compton, London, England#Townsend Christopher#Townsend Henry James#Townsend John#Townsend John#Townsend Thomas#Toyohara Chikanobu (Yōshū)#Toyoharu Kunichika#Toyokawa Yoshikuni#Traballesi Giuliano#Trac Frans#Trafalgar#Traies William#Traina-Norell, New York#Trautmann Johann Georg#Traviès de Villers Charles Joseph#Travis Paul B.#Traylor Bill#Trechsler Balthasar#Trechsler Christoph#Tree Sarah#Treeby Elizabeth#Tremblais Émile de la#Trenchard James#Trenle Blake China Company, Ravenswood, West Virginia#Trento Antonio da#Tressemanes and Vogt, Limoges#Treu M.#Trevisani Francesco#Trière Philippe#Trigère Pauline#Trikitrixa#Trimolet Alphonse Louis Pierre#Trimolet Louis Joseph#Trinity#Trinquesse Louis Rolland#Tripp Sarah#Trippel C.#Triva Antonio Domenico#Trockel Rosemarie#Troger Paul#Trombley Andrew#Troost Odulf#Troostwyk Wouter Johannes van#Troschel Peter Paul#Trossin Robert#Troth Henry#Trott Benjamin#Trotter Daniel#Trotter Mary K.#Trotter Thomas#Troubetzkoy Pavel Petrovitch Prince#Trouilleux Joseph Jean Jacques#Trouvain Antoine#Troxel Henry#Troxel Samuel#Troy Adrian#Troy Hannah#Troyen Jan van#Troyon Constant#Trueworthy Jessie#Truex Van Day#Truitt Anne#Trumbull John#Tryon Thomas#Tschaggeny Edmond Jean-Baptiste#Tscherning Jan#Tschirtner Oswald#Tsuchiya Koitsu#Tsuji Yojiro#Tsukioka Kōgyo#Tsukioka Yoshitoshi#Tsuneshige?#Tsuruta Shinsai (Wasaburō II)#Tsutsumi Tōrin III#Tucker Allen#Tucker Factory, Philadelphia#Tucker Jane M.#Tucker Thomas#Tucker William E.#Tudor and Leader, England (active Sheffield)#Tufft Thomas#Tufts and Company, Boston#Tuite John#Tumarkin Yigael#Tümpel Wolfgang#TunaPaper, Seoul, South Korea#Tunnard John#Tupper Earl S.#Tura (Cosmé Tura) Cosimo#Turge Pierre#Turin Pierre#Turletti Celestino#Turner (& Co.), Lane End, Staffordshire, England Turner John#Turner Charles#Turner Helen Maria#Turner James#Turner Joseph Mallord William#Turner Margaret#Turner Robert#Turner William#Turpia Jacques#Turrell Charles James#Turtill & Lloyd#Turzak Charles#Tuttle Adrianna#Tuttle George W.#Tuttle Richard#Tuttle Silversmiths, Boston#Tuymans Luc#Twibill George W. Jr.#Twins Seven Seven#Twohy Julius#Twombly Cy#Tybaut Willem Willemsz.#Tyler Gillian#Tyler Richard#Tyler Stella Elkins#Tyroff Martin#Tyrolean, New York#Tysoe Thomas#Tyson Carroll Sargent Jr.#Tyson Michael#Tzu Kang