U.S. Naval Research/Design#Uchima Ansei#Uden Lucas van#Ueda Kōchū#Uelsmann Jerry N.#Ueno Masao#Ufer Wilhelm Oswald#Ugolino di Nerio#Uhle John#Uhler Andrew#Ullberg Lloyd#Ulmann Doris#Ulmar Mary Harvey#Ulmer Johann Conrad#Ulreich Eduard Buk#Ulrich Charles Frederic#Ulrich Heinrich#Umbach Jonas#Umbach Julius#Umbo#Umeda Masanori#Umekawa Tōkyo#Umekawa Tōnan#Umeno#Underwood W. H. Orison#Ungaro Emanuel#Unger Brothers, Newark, New Jersey#Unger William#Unidentified Artist "Carolus Isonus?"#Unidentified Monogrammist#Union Flint Glass Works, Philadelphia#Union Knitting Mills, Inc, Schuylkill Haven, Pa#Union Porcelain Works, Greenpoint (now Brooklyn), New York#Union Pottery Company, Newark, New Jersey#Union Pottery Company, Trenton, New Jersey#Unite & Hilliard, England (active Birmingham)#United Firemen's Insurance Company, Philadelphia#United States Pottery Company, Bennington, Vermont#University of the Arts, Philadelphia#Unknown Master AB#Unknown Master LN#Unruh Margaret#Unterberger Ignaz#Uozumi Yasuhiko#Urakusai Nagahide#Urban František (Franz)#Urquiola Patricia#Utagawa Fusatane#Utagawa Hirokage#Utagawa Hiroshige I#Utagawa Hiroshige II#Utagawa Hiroshige III#Utagawa Kokunimasa#Utagawa Kuniaki I#Utagawa Kunifuku#Utagawa Kunihide#Utagawa Kunihisa II#Utagawa Kunikage#Utagawa Kunikazu#Utagawa Kunikiyo II#Utagawa Kunimaro I#Utagawa Kunimasu#Utagawa Kunimatsu#Utagawa Kunimitsu#Utagawa Kunisada I#Utagawa Kunisada II#Utagawa Kunisada III#Utagawa Kunisato#Utagawa Kuniteru#Utagawa Kuniteru I#Utagawa Kuniteru II#Utagawa Kunitora#Utagawa Kunitora II#Utagawa Kunitsuna I#Utagawa Kuniyasu I#Utagawa Kuniyoshi#Utagawa Nobukatsu#Utagawa Sadafusa#Utagawa Sadahide#Utagawa Sadahiro#Utagawa Sadayoshi#Utagawa Tominobu#Utagawa Toyoharu#Utagawa Toyohiro#Utagawa Toyokuni I#Utagawa Yoshifuji#Utagawa Yoshiharu#Utagawa Yoshiiku#Utagawa Yoshikazu#Utagawa Yoshimine#Utagawa Yoshimori I (also called Kōsai)#Utagawa Yoshimune I#Utagawa Yoshimune II#Utagawa Yoshitaki#Utagawa Yoshitomi#Utagawa Yoshitora#Utagawa Yoshitoyo I#Utagawa Yoshitsuna#Utkin Nikolaj Ivanovich#Utpatel Frank#Utrillo Maurice#Uyttenbroeck Moysesz. van#Uzzle Burk