W & F Carpenter, Philadelphia#W. & D. Downey#W. B. Loveless Co., Pittsburgh#W. Bromley & Co., Cincinatti, Ohio#W. H. P. Benton, Perth Amboy, New Jersey#W. Haylord & Sons, London#W. J. Braitsch & Company of Providence, Rhode Island#W. T. Copeland & Sons, Ltd., Stoke-on-Trent, England#W. W. Hart, Philadelphia#W.&L.T. / Wild & Lethal Trash#Waasbergen Abraham van#Wackerle Josef#Wadd William#Waddell Marget#Wade Frederick#Wael Cornelis de#Wael Jan Baptist de#Waesberg Abraham#Wagenfeld Wilhelm#Wagenschön Franz Xaver#Wagner Albert#Wagner Carl#Wagner Chris#Wagner Friedrich#Wagner G. Noble#Wagner Johann Georg#Wagner Johann Jakob#Wagner Joseph#Wagner Ludwig Christian#Wagner Martin von#Wagner Merrill#Wagner Otto#Wagner William#Wagstaff Charles Edward#Wakefield John#Wakeman Thomas#Wakimoto Hiroyuki#Wakisaka Katsuji#Wald Sylvia#Walde Hermann#Waldeck (or Johann Friedrich Maximilian von Waldeck) Jean-Frédér#Waldo M. Claflin, American (Philadelphia)#Waldor#Waldtreich Johann Georg#Wale Thomas#Walenta Edmund Joseph#Walery#Wales James Albert#Walker Charles#Walker E.#Walker Frederick F.#Walker Hannah#Walker Inez Nathaniel#Walker Jessie Malcolm#Walker Kara#Walker Larry#Walker Robert C.#Walker Ron#Walker Samuel#Walker Theresa Snell#Walkhoff Wilhelm#WalkingStick Kay#Walkowitz Abraham#Wall Josef#Walla August#Wallace John#Wallace John W.#Wallance Don#Wallis Henry#Wallis Robert#Wallis Thomas II#Walsh Gloriah#Walt Disney Productions#Walter Frères - r. Paradis Pre 28, Paris#Waltner Charles Albert#Walton Bill#Walton John#Wandelaar Jan#Wanders Marcel#Wang Hui#Wang Shimin#Wang Vera#Wang Xuehao#Wang Yien Koo#Wang Yuan#Wang Yun#Wang Zhenpeng#Wangner Jacob#Waplington Nick#Ward & Cox, Philadelphia#Ward Edward Matthew#Ward Evelyn Svec#Ward John#Ward Joseph#Ward Sarah B.#Ward William#Ward William#Wardle Sarah#Warfel Martha E.#Warhol Andy#Warli people#Warlow Herbert Gordon#Warne and Letts Pottery, South Amboy, New Jersey#Warne James#Warnemünde A.#Warner Andrew E.#Warner's#Warren#Warren Ambrose William#Warren Charles Turner#Warsager Hyman#Warshauer, New York#Wartel Geneviève Angélique#Washburn Cadwallader#Washington Print Works, Philadelphia#Wasserman Burton#Watanabe Hiroshi#Watanabe Nobukazu#Watanabe Riki#Watanabe Sadao#Watelet Claude-Henri#Watelet Louis Étienne#Waterford Glass Works, Waterford, New Jersey#Waterford glasshouse, Waterford, Ireland#Waterloo Anthonie#Waters E. B.#Watkins David#Watkins Franklin Chenault#Watney Paul#Watson & Brown#Watson Adah#Watson Caroline#Watson John Dawson#Watson Thomas#Watson-Schütze Eva#Watt William Henry#Watteau Jean-Antoine#Wattier Émile#Watts & Harper, Philadelphia#Watts Benjamin#Watts Frederick William#Watts George Frederick#Watts James#Watts Simon#Watts William#Watzl Richard#Waugh Alfred S.#Waugh Samuel Bell#Waugh Sidney Biehler#Waumans Coenrad#Wauters Émile-Charles#Wax Carol#Wayne Fern#Wayne June C.#Weber Anna#Weber Friedrich#Weber Johann Baptist Wilhelm August#Weber Jonas#Weber Max#Weber Otto#Weber Workshop#Webster Company, North Attleboro, Massachusetts#Webster Elizabeth#Webster Hannah#Webster Mary#Webster Thomas#Wechtlin Hans I#Wechtlin Johannes#Weckmann the Elder and Workshop Niklaus#Wedgwood factory, Etruria, England#Wedgwood John Taylor#Wedgwood Josiah#Weedly#Weegee#Weems Carrie Mae#Weenix Jan#Weenix Jan Baptist#Weert Adriaan de#Weert Jacob de#Wegener Wilhelm#Weger August#Wegman William#Wegner Hans#Wehnert-Beckmann#Wei Shen#Weide J.#Weidner Roswell#Weigall Henry#Weigel Martin#Weihrauch Svend#Weil Daniel#Weil Mathilde#Weiland Johannes#Weinberg Chester#Weinhold Georg#Weinranck & Schmidt, German (active Hanau)#Weinstock Carol#Weinstone Howard#Weir Julian Alden#Weirotter Franz Edmund#Weisbrod Carl Wilhelm#Weiss Bartholomäus Ignaz#Weiss Bonaventura#Weiss Mili D.#Weissenbruch Jan Hendrik#Weisweiler Adam#Weisz Adolphe#Weitsch (called Pascha Weitsch) Johann Friedrich#Weitzner Lori#Welch Christine#Welch Mabel R.#Welch Robert#Welch Thomas B.#Welch William#Weller Peter#Weller Pottery, Zanesville, Ohio#Weller Theodor Leopold#Wellford Robert#Wellington Eliza#Wells James Lesesne#Wells Mac#Wells Thomas#Wellstood William#Welpott Jack#Welté Gottlieb#Wen Boren#Wen Zhengming#Wendling Jean#Weng Fanggang#Wengenroth Stow#Wengler Johann Baptist#Wennerburg Gunnar Gunnarsson#Werkmeister Christian#Werner Frank#Werner Fritz#Werner Hermann#Werner Jean-Jacques#Wertmüller Adolph Ulrich#Wesselmann Tom#West Benjamin#West Bros Limited, Philadelphia#West Franz#West James#West Levon#West Matthew#West Temple#Westall William#Westerhout Arnold van#Westermann Horace Clifford#Westford Glass Company, Westford, Connecticut#Westman Barbara#Westmoreland Glass Company, Grapeville, Pennsylvania#Weston Brett#Weston Edward#Weston Harold#Weston William#Westphal Charles#Westphal Katherine#Wests' Bradley & Cary, New York#Westwood Charles#Westwood Vivienne#Wetherbee Samuel#Wetser Emma H.#Wetzell, New York#Wetzler Martin#Wex Adalbert#Weyden Rogier van der#Weydtmans Claes Jansz.#Weyersberg Peter the Elder#Weymouth George A.#Whaite Henry Clarence#Whartenby Thomas#Wheatley Francis#Wheeler Gervase#Wheeler Katherine E.#Whessell John#Whetcroft William#Whipham Thomas I#Whistler James Abbott McNeill#Whiston Mary#White Charles#White Charles H.#White Clarence H.#White Gilbert#White Glass Works, Zanesville, Ohio#White Mary#White Minor#White Robert#White Studio, New York#White Theodore#White Vera M.#Whitecar Thomas#Whiting and Davis Company#Whiting Manufacturing Company, New York#Whiting-Salzman Studio#Whitman Mary A. H.#Whitman Sarah Jane#Whitney Glass Works, Glassboro, New Jersey#Whitson Mary#Whittaker, Heath, and Co., Hanley, England#Whittingham Richard#Whittredge Worthington#Wiand David#Wickes George#Wickey Harry Newman#Widman Joseph#Widnell J.#Wiegmann Rudolf#Wieldt A. V.#Wierix#Wierix Anton II#Wierix family#Wierix Hieronymus#Wierix Jan#Wiese Johann Heinrich#Wiess J.#Wiessner Conrad#Wigg Sarah#Wiggin Mary#Wiggins Guy Carleton#Wilbur Lawrence Nelson#Wilcox Emma#Wilcox Frank N.#Wilcox Silver Plate Company, Meriden, Connecticut#Wild John Caspar#Wilde Ida M.#Wilder Georg Christoph#Wildiers Joseph#Wildt Carl#Wiles Irving Ramsey#Wilke Ulfert#Wilkie David Sir#Wilkin Charles#Wilkirft G.#Will Anna#Will Johann Martin#Will William#Willard Aaron#Willard Simon#Willaume David I#Wille Johann Georg#Wille Pierre-Alexandre#Willeto Charlie#Willets Manufacturing Company, Trenton, New Jersey#Willette Adolphe Léon#Willhelm Bernhard#William & Edward Turnpenny#William Adams & Co., Greengates, Tunstall, England#William Adams & Sons, Tunstall, Staffordshire, England Adams Wil#William Adams (and Sons), Stoke-on-Trent, Staffordshire, England#William and Aaron Lestourgeon#William and James Preist, England (active London)#William B. Durgin Company Division of the Gorham Manufacturing Company, Concord, New Hampshire#William B. Durgin Company, Concord, New Hampshire#William B. Kerr, Newark#William Boch & Brother, Greenpoint (now Brooklyn), New York#William Brownfield, Cobridge, Staffordshire, England#William Burwash and Richard Sibley, London Burwash#William Comyns & Sons, London Comyns#William Eley I and William Fearn, London#William Eley I, William Fearn & William Chawner II, London#William Gale & Son, New York#William Hair Haseler, Birmingham, England#William Knight II and Samuel Knight, English (active London)#William Moon's Ladies Shoe Manufacturer#William Parker and Benjamin Simpson, England#William Ridgway & Co., Hanley, England Ridgway William#William Shoes#William Wardell & Peter Kempson, England (active Birmingham)#Williams Charles#Williams Chuckie#Williams Edith Clifford#Williams Esther#Williams Hugh William#Williams Jennette#Williams John H.#Williams L. L.#Williams Moses#Williams Richard#Williams Stephen Guion#Williams Thomas#Williams William Earle#Williams William II#Williams William T.#Williamson Corset and Brace Co., Saint Louis#Williamson Richard#Williamson Roberta#Williamson Samuel#Willington Glass Company, Willington, Connecticut#Willis John#Willmann Eduard#Willmann Michael Lukas Leopold#Willmerding William E.#Willmore James Tibbetts#Willmore Joseph#Willmore Thomas#Wills Joseph#Willson Robert#Wilmarth Christopher#Wilmot & Roberts, England (active Birmingham)#Wilquin André#Wilson#Wilson Benjamin#Wilson Charity#Wilson Delmer Elder#Wilson E.#Wilson Edward L.#Wilson George Washington#Wilson James#Wilson John Woodrow#Wilson Richard#Wilson Robert#Wilson Robert#Wilson Robert Wesley#Wilson Scottie#Wilson William#Wilson William Charles#Wilson-Derrynuce, Dublin#Wiltberger Christian#Winck Christian#Winder Franz Joseph#Windsor Furnace, Berks County, Pennsylvania#Windter Johann Wilhelm#Wines James#Wingender William#Winkler Abraham#Winkler John W.#Winkles Henry#Winner William E.#Winokur Neil#Winokur Paula#Winokur Robert#Winslow Edward#Winstanley Hamlet#Winston Samuel#Winter Edward#Winterhalter Franz Xaver#Winters Elise#Winters Robin#Winters Terry#Wintter Joseph Georg#Wintter Raphael#Wireman#Wirgman Charles#Wirkkala Tapio#Wise Aage#Wise Jacob#Wise William#Wishart Hugh#Wisniesky Oskar#Wisselingh Johannes Pieter van#Wistarburgh Glass Works, Alloway, New Jersey#Wister Sally#Wit Jacob de#Witdoeck Jan#With Pieter de#Witkin Joel-Peter#Witmer Ana#Wittemann Peter#Witthöft Wilhelm Friedrich#Wittkamp Johann Bernard#Witzel Josef Rudolf#Wm. H. Wanamaker, Philadelphia#Wocher Tiberius#Woeiriot Pierre II#Woelfle Johann#Woensam von Worms Anton#Wohlgemuth Michael#Woiceske Ronau William#Wojnarowicz David#Wojtyna-Drouet Krystyna#Wolf Henry#Wolfe Douglas Takeshi#Wolfe Francis H.#Wolff Albrecht#Wolff Bernard X.#Wolff Christian#Wolff Friedrich Anton#Wolff Georg#Wolffgang Johann Georg#Wolfgang#Wolfgang Andreas Matthäus#Wolfgang Georg Andreas the Elder#Wolk Johannes van der#Wonder Pieter Christoffel#Wong Bonnie#Wong Joseph#Wong Wucius#Wood & Hughes, New York#Wood and Caldwell, Burslem, Staffordshire, England#Wood Beatrice#Wood Edith Longstreth#Wood Edward#Wood Eliza Jane#Wood Enoch#Wood George B.#Wood Grant#Wood Graydon#Wood John#Wood Joseph#Wood Ralph II#Wood Samuel#Wood Thomas#Wood Thomas Waterman#Woodall Thomas#Woodard John#Woodbury J. B.#Woodcock Bancroft#Woodcock Frencisse#Woodcock William#Woodin John#Woodin Miss#Woodman Betty#Woodman Richard#Woodmere, New York#Woodroffe Mary Ann#Woodrow Bill#Woodruff Hale#Woods & Chatellier, New York#Woodside John Archibald Sr.#Woodside Sterling Company, New York#Woodward Ben#Wool Christopher#Woolf Henry#Woollett William#Woolley James T.#Woolnoth Thomas A.#Woolsey John#Wootton John#Worcester porcelain factory, Worcester, England#Workshop of the Baltimore Painter#World Wide Web#World's Graphic Press#Worlidge Thomas#Worm Nicolaas van den#Wormley Edward J.#Worth & Bobergh, Paris, France#Worth Charles Frederick#Worth Thomas#Worthington Samuel M. IV#Worthington William Henry#Wouters Augustus Jacobus Bernardus#Wouwermans Philips#Wray P.#Wren Christopher Sir#Wren John#Wriggins Thomas#Wright Charles#Wright Frank Lloyd#Wright George Hand#Wright Harry B.#Wright Joseph#Wright Rich Cut Glass Company, Anderson, Indiana#Wright Rick#Wright Russel#Wright Thomas#Wu Da#Wu Liang Tsu#Wurmfeld Sanford#Würthle Friedrich#Württembergische Metallwarenfabrik AG#Wüst Carl Ludwig#Wüst Johann Heinrich#Wutky Michael#Wyatt Henry#Wyatt Richard James#Wyck Thomas#Wyeth Andrew Newell#Wyeth N. C.#Wylie Robert#Wyman William#Wynfield David Wilkie#Wyngaerde Frans van den#Wynn Sydna#Wyon Benjamin#Wyon Edward William#Wyttenbach Anton