Yabu Meizan#Yaffa Claire#Yager Jan#Yako Hōdō#Yamada Jōun#Yamaguchi Ryūun#Yamaha Product Design Laboratory, Hamamatsu, Japan#Yamamoto Baiitsu#Yamamoto Kansai#Yamamuro Hyakuseiji#Yampolsky Mariana#Yan Wengui#Yanagawa Beishi#Yanagawa Shigenobu I#Yanagi Sori#Yanagi Yukinori#Yanai Shūrei?#Yang Erzeng#Yao Yunzai#Yarrington Kathryn Jo#Yates Thomas#Yeager Joseph#Yeaton Lucy L.#Yeats Jack Butler#Yeffet Dan#Yeh Lily#Yeiraku#Yeishi#Yellin Samuel#Yencesse Ovide#Yerxa Thomas#Yi Am#Ymer (pseudonym for Lucien Méry)#Yoakum Joseph#Yochim Joan C.#Yohji Yamamoto#Yoken Fujimura#Yokoi Kinkoku#Yokoo Tadanori#Yoon JeongMee#Yoon Kwang-cho#Yorke Edward#Yōsai Nobukazu#Yoshida Hiroshi#Yoshida Masaji#Yoshida Shigeki#Yoshida Tōshi#Yoshikage Gotō#Yoshikawa Kampō#Yoshikuni#Yoshimi Rogetsu#Yoshimura Fumio#Yoshioka Tokujin#Yoshitsugu#Yoshiume Nakajima#Young Henry Reverend#Young Jacob#Young Mahonri Mackintosh#Young Purvis#Young Tom#Young William#Youngs Isaac#Yteb, Paris#Yudis Charlotte#Yuh Sun Koo#Yui'i Dōjitsu#Yukawa Shodo#Yun Choe-sul#Yun Qingping#Yun Shouping#Yunkers Adja#Yves et Barret#Yves Philippe#Yves Saint Laurent Rive Gauche, Paris